product_id,product_name,category,price
1,That,Clothing,18454
2,Rest,Grocery,22290
3,Service,Electronics,6242
4,Detail,Clothing,28498
5,Follow,Clothing,52071
6,Indicate,Grocery,41962
7,Cultural,Electronics,98768
8,Serve,Electronics,53510
9,Least,Clothing,19603
10,Traditional,Furniture,48556
11,Question,Clothing,82135
12,Federal,Clothing,8116
13,Look,Clothing,2484
14,Agree,Clothing,62420
15,American,Grocery,15172
16,Admit,Electronics,80118
17,Fear,Grocery,40610
18,Grains,Grocery,49033
19,Full,Grocery,21926
20,Ball,Clothing,68126
21,Safe,Furniture,25618
22,Industry,Electronics,24145
23,Mission,Furniture,50976
24,Pull,Grocery,92546
25,Line,Grocery,90202
26,Expert,Furniture,52019
27,Wide,Furniture,99541
28,Company,Furniture,27203
29,Glass,Grocery,36288
30,Who,Grocery,5945
31,City,Electronics,86798
32,Probably,Electronics,36774
33,Leader,Grocery,19437
34,Change,Furniture,22413
35,Sign,Furniture,27043
36,House,Electronics,78049
37,Add,Grocery,376
38,Suggest,Electronics,51251
39,Window,Electronics,17711
40,Be,Clothing,12044
41,Car,Clothing,52987
42,Choose,Clothing,81542
43,Push,Furniture,49947
44,Visit,Grocery,58753
45,Laugh,Grocery,86172
46,Product,Grocery,56722
47,Subject,Grocery,27910
48,Field,Clothing,77942
49,Develop,Furniture,10603
50,Through,Furniture,84861
51,In,Clothing,37076
52,Contain,Furniture,11690
53,Water,Clothing,10986
54,Charge,Grocery,12966
55,Available,Clothing,66724
56,Mrs,Grocery,68999
57,Too,Grocery,32892
58,Along,Electronics,9864
59,One,Clothing,86256
60,Voice,Electronics,42827
61,Admit,Clothing,78571
62,Real,Clothing,8168
63,Head,Electronics,7395
64,Safe,Electronics,41260
65,Positive,Clothing,11490
66,Him,Furniture,20231
67,Become,Grocery,94854
68,Color,Electronics,76069
69,Real,Grocery,15138
70,Tell,Furniture,52427
71,Common,Furniture,93818
72,Relate,Furniture,77164
73,Growth,Electronics,21381
74,Baby,Furniture,54289
75,Huge,Electronics,48611
76,Would,Furniture,8705
77,Growth,Grocery,1481
78,Any,Grocery,66734
79,Until,Clothing,19910
80,Myself,Grocery,24422
81,No,Clothing,41969
82,Prove,Grocery,33055
83,Sit,Electronics,61488
84,Anyone,Grocery,10307
85,During,Clothing,87429
86,Reach,Clothing,67728
87,People,Furniture,28320
88,Become,Electronics,84150
89,Democratic,Grocery,74185
90,Method,Furniture,22131
91,Increase,Grocery,70821
92,Leave,Grocery,80907
93,Oil,Furniture,71412
94,Result,Furniture,59866
95,Read,Furniture,12549
96,Election,Furniture,89933
97,Article,Furniture,56799
98,Loss,Grocery,81353
99,Reveal,Furniture,46192
100,Relationship,Electronics,63771
101,Final,Clothing,10450
102,Upon,Furniture,96258
103,City,Furniture,68587
104,Scientist,Grocery,17722
105,Certainly,Furniture,70363
106,Of,Furniture,53217
107,Difference,Furniture,58494
108,Those,Grocery,23882
109,Most,Furniture,28554
110,Nothing,Clothing,68004
111,Already,Grocery,15692
112,Actually,Clothing,22273
113,South,Grocery,33304
114,Performance,Furniture,35696
115,Garden,Clothing,34424
116,Since,Grocery,61302
117,Tonight,Electronics,89500
118,Check,Furniture,30850
119,Finally,Grocery,76212
120,Determine,Electronics,16666
121,Natural,Grocery,7290
122,Phone,Electronics,88707
123,Then,Furniture,38433
124,Its,Clothing,81005
125,Change,Electronics,89671
126,Shoulder,Grocery,1689
127,Anyone,Furniture,25335
128,Particular,Electronics,259
129,Speech,Grocery,12245
130,Look,Grocery,81009
131,Important,Grocery,32021
132,Business,Electronics,16337
133,Choose,Electronics,8344
134,Get,Electronics,14843
135,Church,Clothing,97202
136,Democrat,Electronics,46201
137,Themselves,Electronics,84327
138,At,Electronics,99632
139,Medical,Clothing,56478
140,Necessary,Electronics,71226
141,Market,Grocery,56171
142,Choice,Electronics,71221
143,Forward,Grocery,74863
144,Professor,Grocery,93914
145,Nothing,Grocery,12337
146,Page,Clothing,15749
147,Kitchen,Clothing,37813
148,Impact,Clothing,73563
149,Us,Electronics,45509
150,Term,Grocery,48866
151,Evidence,Clothing,46254
152,Half,Clothing,7116
153,Third,Electronics,79663
154,Cost,Clothing,48788
155,Minute,Electronics,89778
156,Building,Furniture,54338
157,Stay,Clothing,58708
158,Item,Furniture,89181
159,Too,Electronics,31997
160,Television,Grocery,51061
161,Paper,Clothing,68803
162,Research,Electronics,44857
163,International,Grocery,27017
164,Blood,Grocery,22836
165,Gas,Furniture,28090
166,Time,Electronics,62651
167,Recently,Grocery,58261
168,Bag,Clothing,79723
169,These,Clothing,22540
170,Feel,Furniture,35305
171,Every,Grocery,80911
172,Response,Electronics,55203
173,I,Clothing,70912
174,Assume,Grocery,41727
175,Next,Grocery,19108
176,Certain,Furniture,71374
177,Move,Clothing,32502
178,Reveal,Clothing,53484
179,Stay,Electronics,5893
180,Fly,Clothing,5671
181,Gas,Electronics,96967
182,Age,Clothing,16309
183,Education,Furniture,91030
184,Sound,Clothing,43248
185,Special,Electronics,91318
186,Dinner,Electronics,2324
187,Other,Furniture,48795
188,Girl,Clothing,32541
189,Field,Clothing,39229
190,Skill,Furniture,62468
191,Add,Clothing,92222
192,Himself,Clothing,44860
193,Onto,Electronics,23578
194,Though,Clothing,71954
195,Teach,Clothing,94330
196,Born,Furniture,85816
197,Wide,Furniture,12280
198,These,Grocery,98638
199,Present,Electronics,15472
200,Hope,Clothing,29896
201,Newspaper,Clothing,58372
202,Another,Grocery,90063
203,Easy,Clothing,98926
204,Brother,Electronics,93735
205,Resource,Grocery,54140
206,Reason,Electronics,75457
207,Line,Grocery,71468
208,Agree,Grocery,78456
209,Single,Furniture,16311
210,Smile,Electronics,5942
211,Behind,Clothing,63215
212,There,Clothing,66952
213,Since,Electronics,46068
214,Medical,Clothing,17608
215,Eight,Clothing,22105
216,Case,Electronics,54675
217,Other,Grocery,80842
218,Early,Electronics,19071
219,Service,Grocery,25699
220,Own,Clothing,87692
221,Happy,Clothing,67014
222,There,Clothing,67155
223,Agreement,Furniture,87797
224,Nothing,Grocery,5455
225,Government,Furniture,54220
226,Factor,Furniture,74719
227,Happen,Electronics,38442
228,Safe,Furniture,86092
229,Safe,Electronics,78960
230,Become,Electronics,2357
231,Eight,Furniture,27464
232,Very,Grocery,25072
233,Pressure,Grocery,26754
234,Close,Grocery,80869
235,Debate,Grocery,81523
236,Bill,Grocery,29420
237,Blood,Furniture,20908
238,Whose,Furniture,52489
239,Sort,Clothing,95790
240,Nearly,Grocery,34873
241,Reveal,Furniture,51268
242,Break,Clothing,27847
243,Energy,Grocery,76496
244,Always,Electronics,83792
245,Debate,Clothing,57605
246,Month,Furniture,85996
247,Act,Electronics,18235
248,Maintain,Electronics,90987
249,To,Electronics,96135
250,Under,Clothing,47477
251,Wear,Furniture,23654
252,Evidence,Electronics,62591
253,Institution,Grocery,55721
254,Page,Electronics,58383
255,Order,Electronics,85240
256,Key,Clothing,17023
257,Appear,Clothing,47691
258,Time,Furniture,62361
259,Unit,Grocery,54436
260,Billion,Clothing,74183
261,Peace,Electronics,61048
262,Set,Furniture,33102
263,Why,Electronics,80198
264,Short,Electronics,73116
265,Item,Clothing,26772
266,Price,Furniture,4313
267,Side,Grocery,10393
268,Require,Grocery,55960
269,Fly,Clothing,62607
270,Significant,Clothing,57234
271,Strong,Furniture,2200
272,Western,Grocery,62097
273,Right,Grocery,28272
274,National,Grocery,20232
275,Game,Electronics,18299
276,Article,Grocery,36709
277,Relationship,Electronics,43065
278,Around,Furniture,8116
279,Firm,Electronics,39879
280,Listen,Furniture,31981
281,Executive,Grocery,82694
282,Require,Grocery,24572
283,Spend,Furniture,51913
284,Present,Clothing,36121
285,Along,Furniture,54231
286,Factor,Clothing,24187
287,Send,Electronics,12928
288,Especially,Electronics,61710
289,Government,Electronics,96764
290,Decade,Grocery,1501
291,International,Electronics,85279
292,Treatment,Clothing,15293
293,That,Electronics,92489
294,That,Furniture,44964
295,Modern,Furniture,20407
296,Customer,Grocery,19711
297,Whose,Furniture,43891
298,Civil,Clothing,12050
299,Poor,Electronics,76340
300,Soldier,Grocery,77503
301,Mr,Electronics,2845
302,Let,Electronics,55343
303,Various,Clothing,3966
304,House,Furniture,32345
305,Director,Furniture,44824
306,Personal,Electronics,71454
307,Production,Grocery,51474
308,Investment,Furniture,30216
309,Law,Grocery,81129
310,Their,Furniture,93674
311,Middle,Grocery,20547
312,Its,Clothing,30531
313,Laugh,Grocery,18008
314,Him,Clothing,29436
315,Heavy,Clothing,41092
316,Live,Grocery,55450
317,Investment,Clothing,69661
318,Majority,Electronics,52055
319,Grains,Clothing,61340
320,Network,Furniture,20193
321,Live,Grocery,6255
322,What,Electronics,46707
323,Detail,Grocery,33587
324,Service,Furniture,55768
325,Allow,Furniture,21063
326,Single,Furniture,50224
327,Consider,Clothing,52970
328,Official,Clothing,56647
329,Whatever,Grocery,64210
330,Child,Grocery,53654
331,Without,Electronics,21036
332,Laugh,Electronics,4526
333,Yet,Grocery,88939
334,However,Clothing,27706
335,Wife,Furniture,47932
336,Item,Grocery,28251
337,Nice,Electronics,79403
338,Determine,Clothing,11408
339,Action,Grocery,62622
340,Treatment,Grocery,45771
341,Say,Clothing,90406
342,Detail,Grocery,94208
343,Same,Clothing,2304
344,Tough,Furniture,92869
345,Force,Clothing,87365
346,Young,Clothing,31231
347,Dream,Clothing,52528
348,Rich,Grocery,33970
349,Quality,Grocery,49167
350,Magazine,Clothing,58685
351,Travel,Grocery,21707
352,Section,Electronics,25068
353,Generation,Electronics,99034
354,Room,Grocery,12008
355,World,Grocery,26523
356,According,Clothing,74807
357,Laugh,Furniture,78357
358,Bring,Grocery,61315
359,Local,Electronics,55935
360,Resource,Clothing,49529
361,Per,Grocery,82252
362,Political,Electronics,38558
363,Grains,Electronics,46269
364,Take,Furniture,7759
365,Happen,Clothing,60714
366,Do,Clothing,77340
367,Arrive,Furniture,32893
368,Toward,Furniture,46573
369,Stuff,Clothing,96862
370,Agent,Clothing,89488
371,Possible,Grocery,97718
372,Hope,Grocery,88430
373,Save,Furniture,55851
374,Politics,Grocery,79015
375,Owner,Electronics,54354
376,Agent,Grocery,7106
377,General,Grocery,74318
378,Painting,Electronics,65444
379,Or,Furniture,33940
380,Continue,Electronics,32530
381,Risk,Grocery,23191
382,American,Furniture,33083
383,Scientist,Grocery,24089
384,Try,Electronics,75551
385,Stand,Electronics,19090
386,Campaign,Grocery,90370
387,Inside,Clothing,80460
388,Again,Clothing,36181
389,Number,Electronics,11133
390,Avoid,Electronics,16341
391,Pick,Clothing,6039
392,Deep,Clothing,47662
393,Receive,Grocery,35163
394,Weight,Grocery,76821
395,Candidate,Clothing,27145
396,Blue,Grocery,44869
397,TRUE,Grocery,47218
398,Alone,Furniture,84803
399,Affect,Grocery,21725
400,Light,Electronics,27176
401,Soon,Grocery,64905
402,President,Grocery,44705
403,Us,Clothing,84665
404,Less,Electronics,88609
405,Phone,Grocery,39221
406,Society,Grocery,65201
407,Not,Furniture,31533
408,Vote,Grocery,43409
409,Miss,Grocery,67568
410,Environment,Furniture,44354
411,Several,Clothing,67393
412,Actually,Grocery,96358
413,Send,Furniture,37953
414,Now,Electronics,38505
415,Event,Clothing,66752
416,Matter,Electronics,43627
417,Her,Electronics,77327
418,System,Furniture,592
419,Item,Grocery,93518
420,Possible,Furniture,8911
421,For,Furniture,93444
422,Health,Furniture,24372
423,Pressure,Furniture,94035
424,Nothing,Clothing,72110
425,Together,Grocery,92592
426,Size,Electronics,47253
427,Up,Electronics,54210
428,Man,Grocery,14079
429,Analysis,Electronics,28428
430,Dinner,Grocery,12967
431,Certain,Electronics,59334
432,Also,Furniture,25951
433,Support,Electronics,31379
434,Institution,Grocery,96163
435,Certainly,Grocery,73502
436,Address,Grocery,15549
437,Soon,Grocery,76321
438,You,Grocery,89180
439,Mr,Clothing,5551
440,Across,Clothing,87278
441,Camera,Electronics,41416
442,Firm,Grocery,63164
443,Believe,Electronics,63861
444,History,Grocery,38970
445,Believe,Grocery,96666
446,Answer,Clothing,30973
447,Entire,Clothing,58727
448,Example,Furniture,66255
449,And,Clothing,99286
450,Business,Furniture,25472
451,Whom,Furniture,3742
452,Evening,Furniture,28101
453,Material,Furniture,34164
454,Detail,Furniture,94926
455,Art,Electronics,14222
456,Number,Clothing,24920
457,Soon,Furniture,68531
458,Economy,Grocery,55845
459,Government,Clothing,50181
460,Response,Clothing,71002
461,Laugh,Furniture,8811
462,Meeting,Electronics,85232
463,Total,Furniture,18893
464,While,Electronics,8299
465,Cost,Grocery,76353
466,Foreign,Clothing,36291
467,Throughout,Grocery,10311
468,Lot,Electronics,63169
469,Half,Electronics,88996
470,Where,Grocery,56846
471,Specific,Electronics,21642
472,Type,Grocery,31412
473,Again,Clothing,45342
474,World,Grocery,93883
475,Guy,Clothing,87993
476,Nation,Grocery,55488
477,Despite,Electronics,27791
478,Member,Grocery,78060
479,Seat,Electronics,84488
480,Every,Grocery,22701
481,Yard,Grocery,18120
482,Defense,Furniture,8255
483,Ready,Electronics,69219
484,During,Furniture,81151
485,Book,Electronics,36877
486,Scientist,Furniture,19810
487,Share,Clothing,24632
488,High,Grocery,18701
489,Central,Electronics,63327
490,Claim,Electronics,5067
491,Type,Grocery,84389
492,Anyone,Electronics,20122
493,Human,Electronics,43563
494,Cold,Furniture,74771
495,Local,Electronics,5822
496,Throw,Clothing,27513
497,Not,Clothing,92872
498,Between,Grocery,81150
499,Picture,Electronics,85967
500,Evidence,Grocery,83696
501,System,Clothing,66832
502,Respond,Electronics,12397
503,Leader,Electronics,68423
504,Unit,Grocery,23916
505,Age,Clothing,40795
506,Position,Electronics,19802
507,Difficult,Grocery,25342
508,Dog,Clothing,55941
509,Reveal,Grocery,67812
510,Strategy,Furniture,85763
511,Difference,Electronics,92864
512,Rock,Furniture,53674
513,Thought,Clothing,85844
514,Economy,Furniture,28582
515,Wait,Furniture,9271
516,Artist,Clothing,99032
517,Want,Grocery,3796
518,Then,Furniture,20158
519,Resource,Grocery,20413
520,Role,Furniture,19249
521,Must,Grocery,53621
522,Drive,Clothing,45840
523,Speak,Furniture,5056
524,Pretty,Clothing,75831
525,Group,Furniture,82712
526,State,Clothing,66741
527,Trade,Clothing,63911
528,Society,Furniture,52260
529,Hotel,Furniture,51413
530,Marriage,Furniture,63332
531,Store,Electronics,15517
532,Why,Grocery,24829
533,Area,Electronics,30199
534,Owner,Electronics,98234
535,Free,Clothing,30061
536,Identify,Furniture,12702
537,Project,Grocery,9356
538,Cut,Clothing,86220
539,Second,Electronics,34781
540,Let,Furniture,91428
541,Tax,Clothing,87540
542,Enter,Furniture,64889
543,Friend,Clothing,43461
544,Edge,Furniture,64603
545,Good,Electronics,34640
546,Sport,Grocery,26636
547,Court,Electronics,84800
548,Raise,Grocery,63143
549,Across,Furniture,78632
550,Community,Clothing,56675
551,Something,Electronics,2971
552,Stuff,Grocery,46102
553,Through,Electronics,49912
554,Provide,Grocery,22726
555,Local,Electronics,60079
556,Assume,Grocery,76157
557,When,Grocery,66768
558,Rate,Furniture,99103
559,Indeed,Grocery,80170
560,Admit,Furniture,89490
561,Food,Grocery,43098
562,Again,Clothing,63914
563,Wonder,Clothing,45707
564,Second,Clothing,7912
565,Bar,Grocery,61944
566,Music,Furniture,70193
567,Call,Furniture,2279
568,Card,Grocery,43898
569,Pull,Clothing,74701
570,Music,Clothing,8375
571,Me,Furniture,50674
572,Treatment,Clothing,47957
573,About,Electronics,20800
574,They,Furniture,39564
575,Science,Clothing,42451
576,Local,Furniture,93430
577,Above,Electronics,94419
578,Art,Furniture,82634
579,Account,Furniture,13969
580,Free,Furniture,60415
581,Cultural,Furniture,93788
582,Question,Electronics,21054
583,Clearly,Grocery,31655
584,Brother,Furniture,63453
585,Stuff,Furniture,82290
586,ChGrains,Clothing,45126
587,Industry,Furniture,47076
588,Couple,Clothing,80678
589,Senior,Grocery,91602
590,Think,Electronics,45195
591,Scientist,Electronics,14370
592,Put,Grocery,31008
593,Act,Electronics,15623
594,Business,Grocery,62533
595,Charge,Grocery,47168
596,Economy,Grocery,20091
597,Fall,Electronics,10875
598,Responsibility,Clothing,77901
599,Like,Grocery,85095
600,Employee,Furniture,61350
601,Black,Electronics,16773
602,Age,Grocery,27156
603,However,Grocery,6714
604,Thank,Furniture,7515
605,Traditional,Clothing,88791
606,Guy,Clothing,43984
607,Environment,Clothing,17064
608,Dinner,Grocery,37826
609,Security,Grocery,37144
610,Sort,Grocery,57249
611,When,Electronics,37644
612,Loss,Furniture,50076
613,Yourself,Grocery,32352
614,Allow,Furniture,3932
615,Effect,Furniture,90911
616,Represent,Clothing,80537
617,Race,Electronics,34248
618,Keep,Grocery,61340
619,Professional,Clothing,88554
620,Professional,Clothing,85176
621,Do,Grocery,77216
622,Might,Furniture,53559
623,Buy,Clothing,38502
624,Water,Furniture,57827
625,Every,Electronics,38678
626,Stock,Furniture,90553
627,Man,Electronics,22418
628,Region,Furniture,75815
629,Some,Clothing,77887
630,ChGrains,Clothing,85129
631,Guess,Electronics,20566
632,Here,Grocery,95842
633,Black,Electronics,45575
634,Article,Electronics,60242
635,Vote,Furniture,85260
636,Assume,Furniture,26664
637,Compare,Electronics,22512
638,Glass,Clothing,93626
639,City,Furniture,51101
640,Its,Grocery,57749
641,Strong,Furniture,61057
642,Decision,Furniture,35617
643,Would,Grocery,13256
644,Network,Electronics,23164
645,Community,Grocery,25811
646,Top,Electronics,30206
647,Good,Electronics,65558
648,Never,Electronics,16689
649,Crime,Grocery,89372
650,Us,Electronics,86611
651,Last,Clothing,7314
652,Say,Grocery,96217
653,Mrs,Clothing,85831
654,Turn,Electronics,27227
655,Learn,Furniture,5241
656,Among,Electronics,28984
657,Fine,Clothing,90521
658,Defense,Clothing,2808
659,Write,Grocery,18475
660,None,Furniture,15188
661,Not,Grocery,57715
662,Science,Clothing,45146
663,Travel,Electronics,10114
664,Bit,Furniture,64525
665,Whose,Electronics,3373
666,Feeling,Electronics,47235
667,Will,Furniture,30981
668,Risk,Grocery,97122
669,Career,Electronics,78177
670,Key,Clothing,8812
671,Police,Electronics,74804
672,House,Furniture,52974
673,Role,Furniture,69187
674,Nothing,Furniture,12397
675,Already,Grocery,27228
676,Live,Electronics,68468
677,Hundred,Grocery,94119
678,Capital,Grocery,87699
679,Continue,Furniture,88599
680,Field,Furniture,79058
681,Pressure,Grocery,33020
682,Kind,Electronics,11256
683,Spring,Clothing,11208
684,Maintain,Grocery,31945
685,Total,Electronics,2900
686,Campaign,Furniture,42812
687,Modern,Furniture,2710
688,Fall,Electronics,77703
689,Example,Clothing,33972
690,Whom,Furniture,10828
691,Edge,Furniture,95202
692,Partner,Furniture,95419
693,Huge,Electronics,20683
694,Military,Grocery,85874
695,Summer,Furniture,7363
696,International,Grocery,67550
697,Interest,Clothing,89385
698,Reason,Furniture,19556
699,Outside,Furniture,91218
700,Physical,Clothing,66042
701,Include,Furniture,13789
702,Low,Grocery,33034
703,Before,Electronics,33376
704,Structure,Grocery,19973
705,Information,Electronics,13150
706,Concern,Electronics,66316
707,No,Grocery,84544
708,Boy,Grocery,84140
709,Really,Grocery,21744
710,Analysis,Grocery,62121
711,Wrong,Clothing,37225
712,Trade,Furniture,66999
713,Site,Electronics,42391
714,Likely,Grocery,35160
715,Expect,Grocery,1638
716,Newspaper,Grocery,36276
717,Administration,Clothing,41620
718,Help,Grocery,25775
719,Build,Grocery,18387
720,His,Grocery,274
721,Minute,Furniture,92368
722,Summer,Clothing,35098
723,Quite,Grocery,53412
724,Between,Electronics,12212
725,Magazine,Electronics,75325
726,Ten,Electronics,44914
727,Hand,Clothing,85191
728,Issue,Clothing,50819
729,Budget,Electronics,34019
730,Structure,Grocery,73255
731,Two,Clothing,71669
732,Individual,Electronics,41428
733,Image,Electronics,70582
734,Tonight,Grocery,24718
735,Then,Furniture,34775
736,In,Clothing,19019
737,Assume,Grocery,4273
738,Camera,Electronics,26500
739,Professor,Electronics,50545
740,Opportunity,Grocery,70405
741,Appear,Clothing,37664
742,Easy,Furniture,45914
743,Listen,Furniture,79847
744,Miss,Electronics,88891
745,Check,Clothing,28062
746,Item,Furniture,84992
747,Hour,Clothing,85942
748,Natural,Clothing,70633
749,Rise,Electronics,56284
750,Sell,Furniture,83012
751,Perhaps,Grocery,10678
752,Difference,Electronics,18724
753,About,Furniture,39294
754,Begin,Furniture,489
755,Though,Furniture,99403
756,Ago,Furniture,67491
757,Above,Furniture,13894
758,Against,Clothing,58102
759,Half,Electronics,35631
760,Staff,Clothing,52915
761,Soon,Grocery,5086
762,Party,Furniture,32398
763,Watch,Electronics,1581
764,Direction,Furniture,56508
765,Possible,Electronics,69367
766,Old,Clothing,16935
767,TRUE,Electronics,27898
768,Opportunity,Grocery,91749
769,Among,Grocery,64987
770,Field,Electronics,19577
771,Try,Electronics,17366
772,Nice,Electronics,86428
773,Why,Electronics,86088
774,Anything,Grocery,43626
775,Their,Furniture,11989
776,Fund,Electronics,24435
777,Development,Electronics,11354
778,But,Grocery,86710
779,Medical,Grocery,11542
780,Than,Clothing,46389
781,Service,Electronics,53847
782,Onto,Clothing,37427
783,General,Grocery,16299
784,Three,Grocery,72927
785,I,Furniture,212
786,Mrs,Electronics,87151
787,Occur,Clothing,19681
788,Should,Grocery,59822
789,Trip,Grocery,92136
790,Information,Clothing,97662
791,Suddenly,Furniture,16623
792,Fall,Grocery,67060
793,Allow,Electronics,19652
794,Wonder,Grocery,10908
795,Whatever,Electronics,72625
796,Popular,Clothing,23720
797,Particularly,Electronics,987
798,Picture,Clothing,31902
799,Resource,Electronics,85124
800,Range,Clothing,95649
801,Community,Electronics,82038
802,Sign,Furniture,86841
803,Network,Electronics,26149
804,Current,Electronics,77889
805,Be,Furniture,84626
806,Receive,Grocery,7946
807,House,Grocery,90663
808,Skill,Electronics,46320
809,Part,Furniture,46263
810,Skill,Electronics,3865
811,Condition,Clothing,81586
812,National,Clothing,45370
813,Front,Electronics,75377
814,Reveal,Grocery,88378
815,My,Grocery,90339
816,Structure,Electronics,23031
817,Build,Electronics,89216
818,Become,Clothing,55733
819,Some,Grocery,80802
820,Likely,Electronics,52013
821,Fine,Clothing,94876
822,Meet,Grocery,26091
823,Civil,Furniture,54945
824,Really,Clothing,98605
825,Short,Grocery,55412
826,Place,Grocery,10661
827,Wait,Clothing,17001
828,Weight,Furniture,95656
829,Reality,Clothing,62975
830,Republican,Grocery,26017
831,Career,Electronics,62220
832,Brother,Electronics,2088
833,Quite,Clothing,14356
834,Win,Grocery,87828
835,Your,Electronics,28330
836,Parent,Grocery,59878
837,Lose,Clothing,45933
838,Need,Electronics,22725
839,Occur,Grocery,32188
840,Before,Electronics,79750
841,Modern,Clothing,41267
842,Finally,Grocery,71391
843,Art,Electronics,65403
844,Act,Clothing,76461
845,Address,Electronics,88329
846,Crime,Electronics,4217
847,Down,Furniture,90365
848,Also,Furniture,97818
849,Second,Clothing,60810
850,Tell,Furniture,94526
851,List,Clothing,94976
852,Teach,Furniture,67154
853,Just,Electronics,31049
854,Policy,Clothing,22647
855,Party,Clothing,81982
856,Common,Electronics,68236
857,Dark,Clothing,64719
858,Heart,Clothing,61942
859,Discussion,Furniture,94903
860,Pay,Clothing,27090
861,Good,Grocery,16293
862,Specific,Electronics,30209
863,Particular,Furniture,19333
864,Sign,Furniture,81830
865,Here,Grocery,34610
866,Religious,Electronics,1406
867,Form,Electronics,3949
868,Also,Furniture,12460
869,Of,Clothing,94867
870,Degree,Furniture,45900
871,Special,Electronics,37063
872,Seven,Grocery,54430
873,Story,Furniture,51807
874,Authority,Electronics,18789
875,Reveal,Furniture,29184
876,Course,Clothing,40487
877,Middle,Furniture,74916
878,Find,Furniture,2742
879,Reflect,Electronics,42237
880,Father,Electronics,79932
881,Wish,Electronics,55661
882,Ever,Furniture,62360
883,Cultural,Clothing,15538
884,High,Grocery,48542
885,Wrong,Grocery,3094
886,Notice,Electronics,99675
887,Perhaps,Electronics,1913
888,Tree,Furniture,93127
889,Upon,Grocery,84481
890,Scene,Electronics,55376
891,Both,Clothing,41343
892,Movement,Clothing,63012
893,Weight,Electronics,60372
894,Grains,Electronics,42151
895,Effect,Grocery,78954
896,Ball,Grocery,82836
897,Worker,Furniture,65718
898,Effect,Grocery,2020
899,Major,Clothing,77319
900,Peace,Clothing,76972
901,Mrs,Electronics,81232
902,Success,Grocery,2193
903,Close,Furniture,13005
904,Show,Clothing,24451
905,Arm,Clothing,31081
906,Plant,Furniture,74003
907,Back,Furniture,70921
908,Even,Clothing,82389
909,Upon,Clothing,84121
910,Computer,Furniture,78613
911,Debate,Clothing,19974
912,Consider,Electronics,51031
913,Owner,Electronics,7774
914,Public,Furniture,50616
915,Hundred,Grocery,94674
916,Company,Furniture,60786
917,Remain,Furniture,94951
918,Training,Grocery,69312
919,Enough,Grocery,2526
920,Lay,Grocery,90109
921,Organization,Electronics,68598
922,Question,Clothing,30043
923,Scene,Electronics,66495
924,Interest,Clothing,44916
925,Son,Electronics,4238
926,Throughout,Clothing,91276
927,Deep,Electronics,76045
928,Use,Grocery,4117
929,Seem,Furniture,10551
930,Feeling,Electronics,63056
931,People,Clothing,93963
932,Go,Grocery,10378
933,Issue,Electronics,90580
934,Significant,Electronics,43864
935,A,Grocery,1234
936,Significant,Electronics,63043
937,Such,Furniture,95767
938,Deal,Electronics,54418
939,Quickly,Furniture,60228
940,Economic,Furniture,88156
941,Stuff,Grocery,21969
942,Compare,Electronics,5139
943,Knowledge,Grocery,21381
944,Visit,Electronics,10542
945,Degree,Electronics,73888
946,South,Clothing,27686
947,Hour,Electronics,53153
948,Its,Grocery,50589
949,Interview,Furniture,83204
950,Condition,Electronics,86446
951,Hope,Clothing,67187
952,Level,Grocery,12725
953,Really,Electronics,34497
954,Direction,Grocery,58771
955,Scientist,Clothing,91885
956,Senior,Clothing,66997
957,Carry,Grocery,26249
958,Positive,Electronics,60130
959,And,Furniture,70006
960,Consider,Clothing,5383
961,Process,Electronics,7710
962,Together,Electronics,43426
963,Author,Furniture,15024
964,Anything,Clothing,76262
965,Painting,Clothing,969
966,Model,Electronics,97188
967,Rich,Electronics,1114
968,Lot,Furniture,10203
969,Head,Furniture,82622
970,By,Clothing,96107
971,Describe,Grocery,33558
972,Cold,Clothing,90705
973,Republican,Electronics,82509
974,Finish,Clothing,23348
975,Maybe,Grocery,89260
976,Mr,Furniture,43616
977,Ago,Grocery,29161
978,Lot,Grocery,24270
979,Night,Grocery,8124
980,Reason,Furniture,82314
981,Box,Grocery,86047
982,Think,Grocery,43903
983,Hope,Grocery,19396
984,Quite,Electronics,91929
985,Scientist,Grocery,92808
986,Interesting,Furniture,86764
987,Give,Grocery,18357
988,East,Grocery,12955
989,Offer,Furniture,85278
990,Republican,Grocery,20125
991,List,Furniture,4558
992,Manager,Grocery,63710
993,Across,Furniture,70943
994,Might,Grocery,84061
995,Strong,Grocery,49931
996,Sport,Electronics,43527
997,Family,Electronics,93909
998,Side,Grocery,38606
999,Life,Grocery,5768
1000,Explain,Clothing,91570
1001,Nice,Furniture,47295
1002,Success,Clothing,73333
1003,Something,Electronics,24517
1004,Let,Electronics,82082
1005,Manage,Electronics,10851
1006,Ahead,Electronics,46318
1007,Represent,Grocery,7452
1008,Training,Electronics,79152
1009,Do,Grocery,88935
1010,Least,Grocery,97593
1011,State,Electronics,29027
1012,Week,Electronics,41194
1013,Then,Furniture,54222
1014,One,Clothing,29593
1015,Painting,Electronics,92347
1016,Half,Furniture,73639
1017,Fire,Furniture,31807
1018,Likely,Clothing,68914
1019,It,Grocery,7396
1020,Institution,Electronics,25498
1021,Surface,Clothing,35942
1022,Statement,Electronics,13361
1023,Heart,Furniture,76809
1024,Half,Furniture,96085
1025,Certainly,Grocery,56804
1026,Body,Furniture,67273
1027,Fund,Furniture,31881
1028,Billion,Clothing,13752
1029,Despite,Electronics,5203
1030,About,Electronics,25600
1031,Budget,Clothing,35629
1032,May,Grocery,18552
1033,Join,Electronics,49493
1034,Late,Furniture,31274
1035,Wish,Electronics,64550
1036,Middle,Furniture,35536
1037,Stop,Grocery,47506
1038,Daughter,Clothing,63159
1039,People,Electronics,16054
1040,Organization,Clothing,82822
1041,Result,Electronics,12456
1042,Toward,Furniture,98599
1043,Pass,Clothing,2287
1044,Bag,Electronics,77343
1045,Agent,Furniture,35198
1046,Area,Clothing,92571
1047,Structure,Clothing,21325
1048,Goal,Electronics,3706
1049,North,Electronics,57720
1050,Cold,Electronics,32928
1051,Everything,Furniture,26589
1052,Understand,Electronics,14487
1053,Year,Clothing,69563
1054,Any,Clothing,71932
1055,Meeting,Electronics,96080
1056,Exactly,Electronics,2691
1057,Box,Grocery,48616
1058,Simply,Clothing,91783
1059,High,Furniture,62161
1060,Reflect,Grocery,66836
1061,Movement,Electronics,81357
1062,Hospital,Electronics,61853
1063,Nothing,Clothing,84874
1064,Party,Electronics,11187
1065,Challenge,Furniture,30916
1066,Art,Clothing,23508
1067,Popular,Electronics,236
1068,Probably,Clothing,17513
1069,Administration,Electronics,59600
1070,Including,Electronics,84614
1071,Team,Electronics,56458
1072,Our,Furniture,66297
1073,Investment,Furniture,92889
1074,So,Clothing,92520
1075,Bar,Electronics,32954
1076,Surface,Electronics,76340
1077,Attack,Furniture,90163
1078,Always,Electronics,16422
1079,Rather,Furniture,7068
1080,Worry,Electronics,27618
1081,Job,Clothing,52025
1082,Something,Electronics,59948
1083,Drop,Electronics,93522
1084,Happen,Grocery,1800
1085,Explain,Furniture,93882
1086,Here,Electronics,23299
1087,Tree,Electronics,44689
1088,Show,Grocery,32215
1089,Argue,Grocery,62034
1090,Religious,Furniture,54416
1091,Leader,Grocery,5620
1092,Along,Clothing,36555
1093,On,Grocery,86565
1094,Weight,Clothing,41705
1095,Quickly,Furniture,15055
1096,Parent,Furniture,44149
1097,Interest,Furniture,14017
1098,Second,Furniture,70393
1099,Election,Furniture,78681
1100,Stop,Clothing,65025
1101,Imagine,Clothing,70369
1102,Sound,Furniture,31054
1103,Within,Grocery,96771
1104,Lose,Electronics,72717
1105,Pressure,Furniture,41558
1106,Tv,Grocery,89137
1107,Century,Electronics,21213
1108,Clear,Furniture,90326
1109,Left,Furniture,44039
1110,South,Clothing,29445
1111,Score,Electronics,46413
1112,Officer,Electronics,92465
1113,Parent,Grocery,69266
1114,Collection,Clothing,47961
1115,Movement,Clothing,97506
1116,Particularly,Clothing,49398
1117,Experience,Clothing,47321
1118,Public,Electronics,45042
1119,Building,Electronics,3553
1120,Idea,Furniture,55035
1121,Present,Furniture,43470
1122,Difficult,Clothing,8428
1123,Explain,Clothing,15634
1124,Budget,Clothing,85380
1125,Book,Furniture,85025
1126,Worry,Grocery,36420
1127,Product,Grocery,49270
1128,Push,Furniture,80301
1129,Nearly,Furniture,8740
1130,Treat,Furniture,91157
1131,Similar,Furniture,30149
1132,Rather,Furniture,5718
1133,Leave,Furniture,56153
1134,Physical,Clothing,2020
1135,But,Clothing,44037
1136,Officer,Clothing,69824
1137,Second,Clothing,12307
1138,Throughout,Furniture,65874
1139,Determine,Grocery,33072
1140,Form,Electronics,10899
1141,Report,Furniture,71188
1142,Cut,Electronics,29016
1143,Magazine,Grocery,70563
1144,Wide,Clothing,93600
1145,Attorney,Grocery,76800
1146,Challenge,Furniture,37258
1147,Wide,Clothing,84707
1148,Product,Furniture,71796
1149,Likely,Clothing,61610
1150,Student,Electronics,58792
1151,Six,Electronics,61844
1152,Issue,Electronics,15910
1153,Perform,Grocery,5226
1154,Within,Furniture,30109
1155,Might,Grocery,99220
1156,Do,Electronics,91032
1157,Summer,Furniture,292
1158,Nothing,Electronics,36513
1159,Seat,Grocery,12916
1160,Tree,Grocery,39182
1161,Thousand,Grocery,65148
1162,Final,Electronics,51040
1163,Attack,Furniture,32230
1164,We,Furniture,40242
1165,Miss,Electronics,36568
1166,Record,Furniture,30798
1167,Trouble,Electronics,10755
1168,Over,Furniture,47997
1169,Between,Clothing,30175
1170,Minute,Clothing,9459
1171,Professional,Grocery,42156
1172,Civil,Clothing,51931
1173,Job,Clothing,59291
1174,Shake,Clothing,33372
1175,My,Electronics,14771
1176,Structure,Clothing,27148
1177,Last,Clothing,76374
1178,Pick,Grocery,26063
1179,Now,Clothing,44054
1180,General,Clothing,72409
1181,Blue,Furniture,95530
1182,Production,Grocery,817
1183,Financial,Grocery,11776
1184,Simply,Grocery,4534
1185,Newspaper,Grocery,49910
1186,Thing,Grocery,94736
1187,Today,Grocery,5094
1188,Line,Electronics,4334
1189,Thousand,Clothing,69400
1190,Option,Grocery,44049
1191,Figure,Clothing,37505
1192,Two,Clothing,34972
1193,Possible,Electronics,42315
1194,Blue,Grocery,23285
1195,Manager,Furniture,43542
1196,Situation,Electronics,51859
1197,Choice,Furniture,41253
1198,Deep,Clothing,77635
1199,Military,Clothing,2681
1200,Poor,Electronics,51817
1201,Father,Electronics,2863
1202,Realize,Furniture,93010
1203,Although,Grocery,55580
1204,Once,Furniture,38859
1205,Leader,Electronics,76167
1206,Population,Furniture,25407
1207,Report,Electronics,96471
1208,Who,Furniture,11164
1209,Consumer,Electronics,76948
1210,Then,Electronics,37648
1211,Whole,Electronics,37045
1212,Forward,Grocery,48037
1213,Generation,Furniture,6576
1214,Popular,Furniture,51856
1215,Send,Furniture,90201
1216,Hotel,Electronics,2482
1217,Something,Furniture,49783
1218,Education,Furniture,88099
1219,Hear,Electronics,45376
1220,Best,Clothing,33502
1221,Table,Electronics,91981
1222,Season,Furniture,27046
1223,Property,Electronics,79798
1224,Tell,Clothing,74033
1225,Treat,Electronics,22435
1226,Series,Furniture,45195
1227,Each,Clothing,80030
1228,Back,Grocery,27297
1229,Education,Furniture,22110
1230,Western,Clothing,24223
1231,Protect,Clothing,88023
1232,Economy,Grocery,2990
1233,Whether,Electronics,93405
1234,Call,Electronics,8126
1235,Note,Furniture,65025
1236,Close,Grocery,68942
1237,Stand,Electronics,33765
1238,Represent,Grocery,9377
1239,Tax,Electronics,42339
1240,Blue,Clothing,47764
1241,Foot,Electronics,48108
1242,Image,Grocery,14783
1243,Call,Clothing,770
1244,Scientist,Clothing,89311
1245,Three,Clothing,17989
1246,Wide,Grocery,55712
1247,Small,Furniture,44635
1248,Money,Furniture,78642
1249,Mean,Furniture,54419
1250,Beautiful,Grocery,92167
1251,Fear,Clothing,21739
1252,Project,Furniture,64812
1253,Stock,Grocery,16733
1254,Question,Furniture,34760
1255,Eight,Electronics,69075
1256,Report,Furniture,32272
1257,Understand,Furniture,59297
1258,Magazine,Clothing,58947
1259,Painting,Grocery,11677
1260,International,Clothing,77399
1261,Employee,Clothing,20276
1262,Education,Clothing,44486
1263,However,Clothing,64072
1264,Pretty,Clothing,89891
1265,Effect,Furniture,41103
1266,Know,Clothing,20096
1267,Situation,Clothing,86698
1268,Road,Grocery,36031
1269,Year,Electronics,35810
1270,Me,Furniture,34793
1271,Since,Furniture,35840
1272,Probably,Furniture,77341
1273,Specific,Clothing,93683
1274,Decide,Clothing,76602
1275,Drug,Clothing,17474
1276,Expert,Grocery,76774
1277,Fire,Electronics,81571
1278,Against,Clothing,46013
1279,Plant,Electronics,66125
1280,Present,Grocery,44616
1281,Answer,Furniture,87896
1282,Use,Clothing,26169
1283,Answer,Electronics,56333
1284,Watch,Electronics,84911
1285,Charge,Clothing,59149
1286,Happen,Furniture,39278
1287,Our,Furniture,32921
1288,Other,Furniture,51827
1289,Car,Grocery,61035
1290,Page,Electronics,17099
1291,Perform,Electronics,62622
1292,Military,Electronics,38812
1293,Within,Grocery,64651
1294,Explain,Electronics,40272
1295,Until,Grocery,33822
1296,Land,Furniture,10725
1297,Human,Clothing,67265
1298,Floor,Electronics,76609
1299,Foreign,Electronics,6959
1300,Interview,Furniture,41709
1301,Audience,Clothing,43407
1302,Author,Grocery,21939
1303,Discuss,Clothing,27316
1304,Stay,Furniture,53053
1305,Help,Furniture,84581
1306,Southern,Clothing,60693
1307,Kid,Grocery,72175
1308,Significant,Grocery,49622
1309,Heart,Electronics,99261
1310,Type,Grocery,4986
1311,Staff,Clothing,7585
1312,Receive,Furniture,31555
1313,Effect,Electronics,16867
1314,See,Electronics,28553
1315,Address,Furniture,76380
1316,Agree,Grocery,53542
1317,Soldier,Furniture,51977
1318,Oil,Grocery,12326
1319,Treat,Furniture,93505
1320,Recent,Clothing,22688
1321,Good,Grocery,79076
1322,Road,Clothing,31809
1323,Difference,Electronics,47888
1324,Policy,Furniture,88131
1325,Bag,Electronics,37119
1326,Organization,Electronics,45048
1327,Democrat,Electronics,65233
1328,Of,Electronics,66558
1329,Occur,Furniture,27626
1330,Physical,Electronics,73593
1331,Tough,Furniture,52298
1332,Your,Furniture,99634
1333,Bad,Clothing,43495
1334,Above,Grocery,24131
1335,Around,Grocery,75642
1336,Instead,Furniture,37801
1337,Hotel,Clothing,26039
1338,Region,Furniture,49245
1339,Religious,Furniture,20424
1340,Form,Furniture,22967
1341,Interesting,Clothing,303
1342,Name,Grocery,16644
1343,Mean,Clothing,15999
1344,Yard,Electronics,29163
1345,Down,Clothing,90980
1346,Study,Clothing,3848
1347,Experience,Clothing,66729
1348,Some,Clothing,80864
1349,Can,Grocery,20984
1350,Mrs,Electronics,25283
1351,Home,Grocery,81670
1352,Foot,Grocery,71346
1353,Body,Clothing,19359
1354,Suggest,Furniture,36059
1355,Enjoy,Furniture,33557
1356,Right,Grocery,85779
1357,For,Grocery,2203
1358,Along,Clothing,66001
1359,Table,Grocery,44635
1360,White,Clothing,16203
1361,Sea,Furniture,98146
1362,Before,Furniture,90112
1363,Oil,Electronics,78378
1364,Soldier,Furniture,12491
1365,Else,Grocery,29001
1366,Husband,Furniture,97637
1367,Hour,Clothing,81259
1368,Rock,Furniture,68014
1369,Born,Electronics,50457
1370,Teacher,Furniture,87008
1371,Protect,Clothing,38537
1372,When,Clothing,35603
1373,Focus,Grocery,96382
1374,Everything,Furniture,93559
1375,Contain,Clothing,75503
1376,Certain,Electronics,41358
1377,My,Grocery,33824
1378,Newspaper,Electronics,64386
1379,Myself,Furniture,74942
1380,Pm,Furniture,15008
1381,Democratic,Furniture,92717
1382,Government,Grocery,50726
1383,Figure,Clothing,37328
1384,Him,Grocery,23486
1385,Individual,Electronics,46854
1386,Situation,Grocery,28402
1387,Claim,Electronics,60915
1388,My,Grocery,84848
1389,Performance,Clothing,63444
1390,Tell,Electronics,35718
1391,Know,Furniture,76334
1392,Think,Furniture,61214
1393,Practice,Grocery,70230
1394,Represent,Furniture,25625
1395,Add,Electronics,79918
1396,Morning,Furniture,14434
1397,Term,Clothing,94815
1398,Because,Clothing,62867
1399,Home,Grocery,6744
1400,Offer,Electronics,33033
1401,Figure,Clothing,43569
1402,Economic,Clothing,33787
1403,For,Electronics,52756
1404,Beyond,Furniture,17475
1405,Show,Furniture,65306
1406,Child,Grocery,96562
1407,Agreement,Furniture,36707
1408,Right,Electronics,83278
1409,May,Clothing,24093
1410,Entire,Furniture,44486
1411,Bed,Grocery,46387
1412,He,Furniture,86824
1413,Travel,Electronics,98232
1414,Shake,Grocery,93408
1415,Party,Furniture,96493
1416,Final,Grocery,76412
1417,Imagine,Electronics,98471
1418,Common,Clothing,75424
1419,Past,Electronics,71296
1420,South,Electronics,70114
1421,Not,Electronics,8310
1422,Seek,Electronics,11022
1423,Board,Clothing,36389
1424,Democrat,Clothing,33440
1425,Republican,Grocery,39950
1426,Service,Furniture,57084
1427,Whether,Clothing,84278
1428,Large,Clothing,11194
1429,Painting,Furniture,88059
1430,First,Clothing,33518
1431,Particularly,Electronics,5841
1432,Main,Electronics,72474
1433,Important,Furniture,68898
1434,That,Grocery,70632
1435,Board,Grocery,22264
1436,Finally,Furniture,35695
1437,Pull,Furniture,30357
1438,Record,Electronics,14311
1439,News,Grocery,96089
1440,See,Clothing,5332
1441,Quality,Electronics,67853
1442,Republican,Furniture,52791
1443,Market,Grocery,89865
1444,Sure,Clothing,79868
1445,Road,Clothing,25713
1446,Color,Electronics,14126
1447,Walk,Grocery,53635
1448,Production,Grocery,94190
1449,Activity,Furniture,31008
1450,Response,Grocery,52213
1451,Language,Grocery,19710
1452,Take,Electronics,46746
1453,Energy,Grocery,63285
1454,Meet,Clothing,72667
1455,Whose,Electronics,47674
1456,Specific,Electronics,91151
1457,Begin,Furniture,36282
1458,Choice,Grocery,670
1459,Approach,Furniture,97890
1460,Fire,Clothing,19388
1461,Much,Electronics,78924
1462,Last,Electronics,29977
1463,College,Electronics,84525
1464,Last,Clothing,1017
1465,Catch,Clothing,75702
1466,Experience,Furniture,95140
1467,Really,Furniture,64675
1468,Yard,Furniture,72618
1469,Compare,Grocery,39204
1470,No,Electronics,18162
1471,Page,Electronics,17099
1472,Cup,Furniture,61945
1473,General,Electronics,10041
1474,Major,Furniture,61269
1475,View,Grocery,23570
1476,Public,Grocery,59921
1477,Would,Clothing,86769
1478,Beat,Grocery,44535
1479,Purpose,Furniture,4629
1480,Become,Grocery,83155
1481,Crime,Clothing,12292
1482,Popular,Electronics,74202
1483,Let,Furniture,72862
1484,Southern,Electronics,86895
1485,Shake,Clothing,34187
1486,Individual,Clothing,66777
1487,Hundred,Clothing,4727
1488,Off,Electronics,56641
1489,Point,Electronics,68326
1490,Trouble,Electronics,3355
1491,Establish,Electronics,57533
1492,Tv,Clothing,5313
1493,Capital,Clothing,19504
1494,Number,Furniture,25480
1495,Light,Furniture,91156
1496,Discuss,Electronics,19273
1497,Control,Grocery,53127
1498,Could,Grocery,24089
1499,Range,Clothing,24619
1500,Performance,Clothing,22539
1501,Suggest,Clothing,77049
1502,Rock,Furniture,15095
1503,Positive,Furniture,23659
1504,Base,Clothing,89149
1505,Require,Clothing,5121
1506,Learn,Clothing,98100
1507,For,Grocery,21219
1508,Card,Furniture,51639
1509,Conference,Grocery,94935
1510,Finally,Grocery,39450
1511,Develop,Clothing,46323
1512,Tax,Clothing,25617
1513,Career,Electronics,78753
1514,See,Electronics,22350
1515,Budget,Grocery,84586
1516,Lay,Furniture,82995
1517,Bar,Clothing,89232
1518,Floor,Clothing,91166
1519,War,Grocery,66898
1520,Approach,Electronics,54299
1521,Project,Furniture,59646
1522,Able,Electronics,88251
1523,Visit,Electronics,3427
1524,Couple,Electronics,29868
1525,Note,Electronics,64518
1526,Include,Clothing,94486
1527,We,Clothing,42888
1528,Way,Electronics,82484
1529,Finally,Furniture,46930
1530,They,Grocery,52546
1531,Author,Furniture,15260
1532,Television,Furniture,56683
1533,Or,Furniture,34098
1534,Fact,Electronics,27330
1535,Save,Clothing,9176
1536,Office,Furniture,69441
1537,Wall,Electronics,31185
1538,Score,Furniture,55671
1539,Seat,Furniture,14815
1540,Region,Electronics,5850
1541,Government,Clothing,78868
1542,Important,Clothing,36003
1543,Heavy,Grocery,72589
1544,Easy,Electronics,32193
1545,Affect,Grocery,91136
1546,Old,Grocery,88054
1547,Tough,Grocery,34414
1548,Who,Clothing,48325
1549,Class,Electronics,88085
1550,Interest,Grocery,83114
1551,Late,Electronics,35279
1552,Marriage,Electronics,25438
1553,Daughter,Clothing,92535
1554,Drop,Grocery,69781
1555,Travel,Grocery,32201
1556,Responsibility,Electronics,2875
1557,Pay,Furniture,97283
1558,Woman,Clothing,45719
1559,End,Clothing,45938
1560,Seek,Clothing,19639
1561,For,Clothing,57224
1562,Change,Grocery,65249
1563,Work,Grocery,26716
1564,Say,Furniture,79755
1565,We,Clothing,90795
1566,Here,Clothing,54667
1567,Yet,Electronics,37199
1568,Know,Grocery,75931
1569,Mrs,Clothing,61899
1570,Present,Furniture,90321
1571,Create,Furniture,25579
1572,Whose,Grocery,46272
1573,Animal,Furniture,99265
1574,Reality,Furniture,55963
1575,Class,Grocery,42143
1576,White,Clothing,82669
1577,Entire,Clothing,15508
1578,History,Furniture,58080
1579,Everyone,Furniture,83056
1580,Nearly,Clothing,16451
1581,Away,Grocery,4231
1582,Task,Furniture,44925
1583,Deal,Electronics,11449
1584,Same,Grocery,61031
1585,Medical,Furniture,44354
1586,Activity,Furniture,38325
1587,Seem,Electronics,12553
1588,On,Electronics,18914
1589,Board,Clothing,18363
1590,Bank,Grocery,77794
1591,Force,Grocery,15835
1592,Always,Clothing,15930
1593,Mr,Grocery,47993
1594,Receive,Grocery,44773
1595,Two,Grocery,89562
1596,Anything,Grocery,45166
1597,May,Grocery,3473
1598,Now,Electronics,10435
1599,Game,Grocery,23841
1600,Skill,Electronics,10792
1601,Pressure,Grocery,47395
1602,Letter,Clothing,45641
1603,Situation,Furniture,34157
1604,Interesting,Electronics,67083
1605,Myself,Grocery,19683
1606,Meeting,Clothing,22865
1607,Join,Furniture,59387
1608,Security,Electronics,24006
1609,Election,Furniture,85203
1610,Left,Clothing,79775
1611,Because,Electronics,46625
1612,As,Furniture,38330
1613,Security,Grocery,19620
1614,Today,Electronics,85338
1615,Network,Furniture,52034
1616,Art,Clothing,25666
1617,Too,Clothing,73293
1618,Necessary,Electronics,30234
1619,Heavy,Furniture,10445
1620,Positive,Electronics,41285
1621,Day,Electronics,93049
1622,Not,Furniture,70844
1623,Police,Furniture,33555
1624,Church,Grocery,28118
1625,Contain,Furniture,54319
1626,Fire,Clothing,46091
1627,Rate,Electronics,73716
1628,Laugh,Electronics,87538
1629,Economy,Clothing,9586
1630,Like,Furniture,38962
1631,Street,Clothing,58970
1632,Each,Clothing,86794
1633,Guess,Grocery,43956
1634,The,Clothing,86155
1635,North,Electronics,31479
1636,Who,Clothing,64829
1637,Not,Electronics,28478
1638,Clearly,Electronics,54453
1639,Future,Electronics,50096
1640,Team,Furniture,14131
1641,About,Grocery,80172
1642,Realize,Electronics,66082
1643,Great,Electronics,36783
1644,Fear,Furniture,17718
1645,Need,Electronics,6687
1646,Store,Clothing,62890
1647,Explain,Clothing,31580
1648,Then,Grocery,98630
1649,Boy,Electronics,20627
1650,Yeah,Furniture,23669
1651,Add,Clothing,11251
1652,Key,Furniture,71194
1653,Large,Furniture,59274
1654,It,Clothing,44839
1655,Worry,Furniture,33054
1656,Than,Clothing,35403
1657,Week,Furniture,34800
1658,Enjoy,Clothing,93136
1659,Ball,Electronics,67668
1660,Mission,Grocery,66888
1661,Report,Clothing,71145
1662,Cup,Clothing,37942
1663,And,Grocery,14000
1664,She,Clothing,80159
1665,Than,Clothing,1981
1666,Similar,Furniture,33137
1667,Control,Grocery,1730
1668,Ground,Electronics,20889
1669,Today,Clothing,88159
1670,Choice,Grocery,83594
1671,Seek,Furniture,46251
1672,Wind,Electronics,49020
1673,That,Grocery,67331
1674,Soldier,Electronics,80457
1675,Matter,Electronics,3362
1676,Reveal,Electronics,67081
1677,Reality,Clothing,82072
1678,During,Clothing,75585
1679,Senior,Furniture,54822
1680,Open,Furniture,89599
1681,Up,Grocery,50918
1682,American,Furniture,30032
1683,Want,Electronics,7001
1684,General,Electronics,99123
1685,Thought,Clothing,8697
1686,Step,Electronics,64009
1687,Contain,Grocery,72491
1688,Bad,Electronics,84314
1689,Tonight,Electronics,8363
1690,Cold,Grocery,63393
1691,Approach,Furniture,25905
1692,High,Furniture,91779
1693,Morning,Grocery,11974
1694,Poor,Clothing,93165
1695,Act,Electronics,86502
1696,Box,Grocery,14179
1697,Tell,Electronics,49950
1698,Second,Clothing,72879
1699,Him,Electronics,95508
1700,Important,Grocery,9118
1701,Yeah,Electronics,49600
1702,Stage,Furniture,12200
1703,Fine,Clothing,57121
1704,Line,Clothing,19900
1705,Have,Clothing,63500
1706,Health,Grocery,92546
1707,Explain,Clothing,29537
1708,Central,Furniture,76637
1709,Us,Grocery,46775
1710,Compare,Furniture,20042
1711,Right,Electronics,20962
1712,Go,Electronics,11769
1713,Drive,Electronics,53872
1714,Central,Electronics,16016
1715,Once,Furniture,10978
1716,Manager,Grocery,3085
1717,Hundred,Grocery,98005
1718,Test,Clothing,73748
1719,World,Furniture,41335
1720,Own,Electronics,19031
1721,Chance,Furniture,92976
1722,Level,Clothing,436
1723,Deal,Clothing,43033
1724,Heart,Furniture,84999
1725,Cause,Furniture,45636
1726,Someone,Furniture,69604
1727,Skin,Grocery,99314
1728,Kitchen,Electronics,51248
1729,Movie,Furniture,16379
1730,Want,Furniture,68765
1731,Ten,Furniture,71486
1732,Act,Clothing,86224
1733,Billion,Clothing,77585
1734,Game,Grocery,74155
1735,Walk,Electronics,92011
1736,Attorney,Grocery,98718
1737,North,Electronics,77373
1738,Compare,Clothing,66770
1739,Far,Clothing,76574
1740,Drive,Clothing,54128
1741,Election,Grocery,90122
1742,Program,Furniture,91732
1743,Threat,Furniture,71228
1744,Realize,Clothing,18208
1745,Allow,Furniture,52595
1746,Receive,Furniture,82906
1747,These,Grocery,93285
1748,Ability,Electronics,76633
1749,Actually,Clothing,99125
1750,Cause,Clothing,56930
1751,Rock,Grocery,74740
1752,Research,Grocery,52609
1753,What,Furniture,66506
1754,Carry,Clothing,94320
1755,Kid,Electronics,39619
1756,Trip,Grocery,49749
1757,Card,Electronics,34624
1758,Least,Electronics,96593
1759,Process,Clothing,33985
1760,Civil,Clothing,44469
1761,Standard,Grocery,95502
1762,Commercial,Clothing,30776
1763,South,Clothing,64193
1764,Stage,Clothing,47864
1765,Crime,Electronics,50899
1766,Simple,Grocery,79514
1767,Close,Furniture,93195
1768,Million,Electronics,72407
1769,Health,Clothing,82162
1770,Media,Electronics,95532
1771,Discuss,Clothing,32023
1772,Discover,Clothing,78488
1773,Single,Electronics,47674
1774,Human,Grocery,43491
1775,Sing,Clothing,53764
1776,Forget,Grocery,67484
1777,Challenge,Furniture,31127
1778,Yes,Clothing,35564
1779,Expect,Grocery,34585
1780,Ball,Grocery,19556
1781,According,Furniture,74895
1782,Your,Grocery,35654
1783,We,Grocery,47022
1784,Sort,Furniture,13509
1785,Art,Clothing,69427
1786,Mouth,Grocery,91500
1787,Type,Grocery,36739
1788,Reason,Grocery,63727
1789,Stay,Electronics,83524
1790,In,Furniture,19792
1791,Inside,Electronics,89137
1792,Message,Furniture,78940
1793,Partner,Clothing,54300
1794,How,Clothing,93163
1795,Successful,Grocery,57515
1796,Owner,Furniture,18174
1797,Southern,Clothing,15649
1798,Maybe,Furniture,30063
1799,Yet,Clothing,91556
1800,Wall,Electronics,96462
1801,Share,Clothing,52365
1802,Full,Electronics,16161
1803,Campaign,Clothing,58326
1804,World,Grocery,28910
1805,Style,Electronics,60106
1806,Others,Clothing,22900
1807,None,Grocery,75576
1808,Within,Electronics,69560
1809,Main,Grocery,57867
1810,Reason,Furniture,28154
1811,Environment,Furniture,75419
1812,As,Electronics,45497
1813,Action,Clothing,13333
1814,Message,Electronics,90120
1815,Outside,Grocery,25168
1816,Themselves,Clothing,65827
1817,Seek,Furniture,90710
1818,Them,Clothing,70553
1819,Firm,Furniture,25932
1820,Under,Clothing,86342
1821,Rest,Clothing,13782
1822,Environment,Clothing,92398
1823,Partner,Grocery,23483
1824,History,Grocery,58260
1825,Part,Electronics,93432
1826,Listen,Electronics,23766
1827,Billion,Furniture,58917
1828,Head,Grocery,91298
1829,Officer,Furniture,34742
1830,Star,Electronics,41930
1831,Class,Furniture,10334
1832,Sign,Electronics,57716
1833,Culture,Grocery,9321
1834,Front,Clothing,11510
1835,Husband,Grocery,80155
1836,Language,Furniture,61513
1837,Couple,Furniture,1151
1838,Five,Grocery,75401
1839,Wear,Grocery,77018
1840,Something,Electronics,78216
1841,Cost,Furniture,56663
1842,Move,Furniture,97959
1843,Pattern,Grocery,44857
1844,However,Clothing,77575
1845,Product,Furniture,51357
1846,Management,Clothing,95600
1847,Education,Grocery,407
1848,Help,Grocery,56989
1849,Wind,Electronics,68995
1850,Shoulder,Furniture,95284
1851,Action,Clothing,36044
1852,Go,Electronics,99655
1853,Same,Furniture,38234
1854,Determine,Electronics,27423
1855,Music,Grocery,71862
1856,Agree,Furniture,87325
1857,Cause,Electronics,96607
1858,See,Electronics,26054
1859,Stay,Clothing,55121
1860,Fund,Electronics,90059
1861,Source,Furniture,96027
1862,Move,Furniture,79966
1863,Say,Clothing,70527
1864,Least,Furniture,5092
1865,Prevent,Grocery,2061
1866,Wonder,Furniture,12597
1867,Fight,Furniture,32651
1868,Shake,Electronics,76484
1869,Figure,Electronics,55855
1870,Cup,Furniture,13355
1871,Street,Clothing,4667
1872,About,Electronics,48947
1873,Industry,Clothing,48103
1874,Cell,Furniture,20489
1875,Per,Furniture,44623
1876,Move,Grocery,61676
1877,Measure,Electronics,44019
1878,East,Furniture,82203
1879,Himself,Grocery,3458
1880,Recently,Electronics,88635
1881,Road,Furniture,76624
1882,Party,Furniture,97157
1883,Sense,Electronics,5798
1884,Lot,Electronics,66909
1885,Production,Electronics,93179
1886,Push,Furniture,55905
1887,Individual,Furniture,31449
1888,Sea,Grocery,76877
1889,Admit,Clothing,50348
1890,Body,Electronics,75133
1891,Election,Furniture,98339
1892,Service,Furniture,44141
1893,Wear,Electronics,32054
1894,Wife,Clothing,8102
1895,Something,Electronics,69883
1896,Edge,Clothing,87334
1897,Sell,Furniture,19838
1898,A,Clothing,10803
1899,Suggest,Grocery,49522
1900,Store,Furniture,83206
1901,Nothing,Grocery,61999
1902,Identify,Electronics,12492
1903,Theory,Electronics,44824
1904,Thing,Electronics,32399
1905,Fast,Clothing,15741
1906,Daughter,Furniture,79634
1907,Especially,Electronics,6405
1908,Truth,Electronics,98362
1909,Control,Furniture,18882
1910,Send,Electronics,78357
1911,Two,Grocery,78063
1912,Nor,Furniture,20666
1913,Republican,Furniture,67866
1914,Though,Furniture,6611
1915,Stage,Grocery,26277
1916,Past,Furniture,4865
1917,Federal,Grocery,20454
1918,Forget,Furniture,24029
1919,Example,Clothing,28920
1920,Grains,Electronics,29623
1921,Spring,Clothing,71188
1922,Rule,Electronics,66263
1923,Raise,Grocery,77625
1924,Early,Clothing,13880
1925,Right,Furniture,6689
1926,Police,Electronics,34912
1927,Available,Electronics,93764
1928,President,Clothing,46039
1929,HGrains,Grocery,51593
1930,Structure,Clothing,93426
1931,Join,Grocery,41053
1932,Knowledge,Grocery,65885
1933,Training,Electronics,19409
1934,Enter,Clothing,54295
1935,Goal,Clothing,26001
1936,Seem,Grocery,23676
1937,Ground,Clothing,31608
1938,Lose,Furniture,74811
1939,Series,Furniture,25564
1940,Form,Clothing,60381
1941,Establish,Clothing,16360
1942,Speak,Grocery,35540
1943,Weight,Furniture,95182
1944,Down,Furniture,56783
1945,Value,Electronics,41530
1946,Morning,Grocery,2087
1947,Senior,Electronics,25205
1948,Child,Furniture,78584
1949,Effort,Grocery,13126
1950,Bill,Clothing,68409
1951,Think,Grocery,46027
1952,Especially,Clothing,75514
1953,Near,Clothing,57635
1954,Speak,Grocery,43046
1955,Act,Clothing,56661
1956,Board,Electronics,10477
1957,Race,Furniture,53692
1958,Contain,Clothing,7447
1959,Bed,Electronics,33876
1960,Woman,Clothing,3883
1961,Must,Furniture,55898
1962,Type,Electronics,4398
1963,Marriage,Furniture,70304
1964,Middle,Furniture,86307
1965,Wall,Electronics,55261
1966,Where,Electronics,60752
1967,Consumer,Electronics,34584
1968,Leave,Grocery,98714
1969,Race,Electronics,21022
1970,Itself,Electronics,34128
1971,Gun,Electronics,20416
1972,Father,Electronics,77096
1973,Sure,Clothing,17068
1974,Page,Grocery,30366
1975,Student,Furniture,95845
1976,Off,Electronics,24100
1977,Ok,Clothing,14111
1978,Decision,Clothing,2966
1979,Everybody,Clothing,5998
1980,Matter,Furniture,18495
1981,Can,Electronics,39119
1982,Fight,Grocery,4106
1983,Statement,Grocery,34493
1984,Maintain,Clothing,11056
1985,Interview,Furniture,50142
1986,Push,Furniture,96299
1987,Score,Furniture,6178
1988,Goal,Grocery,29731
1989,Add,Clothing,95776
1990,Accept,Electronics,63001
1991,Station,Grocery,69597
1992,Security,Clothing,94913
1993,Recent,Clothing,41674
1994,Prevent,Electronics,31517
1995,Enjoy,Electronics,88120
1996,Small,Electronics,83739
1997,Feel,Furniture,65106
1998,Tree,Electronics,94981
1999,Nor,Clothing,39554
2000,Government,Electronics,1687
2001,Image,Clothing,54810
2002,Cut,Grocery,86667
2003,Quickly,Furniture,91848
2004,Beyond,Grocery,75986
2005,Deep,Grocery,18916
2006,Right,Clothing,85924
2007,Party,Grocery,29532
2008,Listen,Clothing,48717
2009,Front,Electronics,72473
2010,Staff,Electronics,34317
2011,Stand,Clothing,20984
2012,Fly,Electronics,5554
2013,Suggest,Furniture,75060
2014,Recognize,Grocery,43718
2015,Care,Furniture,84048
2016,Middle,Grocery,62771
2017,While,Electronics,47211
2018,Television,Furniture,39713
2019,Agent,Electronics,85778
2020,Size,Grocery,60093
2021,Leg,Clothing,8948
2022,Leader,Clothing,78772
2023,By,Furniture,66225
2024,Side,Electronics,86544
2025,Write,Electronics,61702
2026,Difficult,Furniture,72145
2027,Rate,Clothing,42322
2028,More,Grocery,49323
2029,Reach,Furniture,65433
2030,Fact,Grocery,52832
2031,Though,Clothing,49520
2032,Key,Electronics,75604
2033,Anything,Clothing,2562
2034,Five,Furniture,9560
2035,World,Electronics,99419
2036,Inside,Furniture,9375
2037,Wall,Furniture,94313
2038,Guy,Clothing,13369
2039,Lot,Furniture,66042
2040,Whom,Clothing,73020
2041,Spring,Electronics,22653
2042,Perform,Clothing,24466
2043,Page,Electronics,44136
2044,Garden,Clothing,17469
2045,Improve,Grocery,11895
2046,Cut,Grocery,70121
2047,Which,Furniture,68254
2048,Feel,Clothing,30243
2049,Artist,Clothing,29525
2050,Serve,Electronics,88309
2051,Data,Furniture,75239
2052,Whole,Clothing,5468
2053,Certainly,Furniture,4721
2054,Action,Grocery,58929
2055,Gas,Clothing,60394
2056,Name,Clothing,14819
2057,Remember,Furniture,29327
2058,Special,Clothing,7666
2059,Over,Furniture,12406
2060,Three,Clothing,53922
2061,Herself,Electronics,24142
2062,Near,Furniture,15186
2063,Kitchen,Clothing,17487
2064,Push,Grocery,27142
2065,Bag,Clothing,89524
2066,Send,Grocery,51718
2067,Involve,Grocery,92150
2068,Level,Electronics,18423
2069,See,Furniture,18119
2070,Bank,Clothing,75526
2071,Single,Electronics,40963
2072,Since,Clothing,10383
2073,Plan,Grocery,18379
2074,Sometimes,Furniture,47099
2075,Stand,Clothing,62880
2076,Herself,Clothing,23008
2077,Foot,Grocery,61684
2078,Guess,Clothing,50325
2079,Best,Clothing,38052
2080,Growth,Grocery,37763
2081,Change,Electronics,61481
2082,Doctor,Grocery,48029
2083,Gun,Electronics,9443
2084,Window,Furniture,76273
2085,First,Electronics,39891
2086,During,Electronics,29234
2087,Top,Furniture,47201
2088,Natural,Electronics,69543
2089,Husband,Grocery,99211
2090,Get,Electronics,57630
2091,Heart,Furniture,46899
2092,Next,Grocery,4927
2093,Ago,Furniture,96243
2094,Work,Furniture,62753
2095,Red,Clothing,13799
2096,Bar,Clothing,91519
2097,Team,Furniture,5413
2098,But,Furniture,13698
2099,Yet,Furniture,28907
2100,Piece,Clothing,70523
2101,Congress,Clothing,69490
2102,This,Electronics,45326
2103,Once,Electronics,59650
2104,Pattern,Furniture,80172
2105,Material,Grocery,3658
2106,Happen,Grocery,75408
2107,Too,Clothing,50213
2108,Gas,Clothing,53099
2109,Character,Clothing,55978
2110,Stock,Furniture,36443
2111,Much,Grocery,58319
2112,Little,Electronics,35286
2113,What,Furniture,37066
2114,Bar,Electronics,33869
2115,Book,Electronics,53318
2116,Individual,Furniture,19329
2117,Exactly,Electronics,75309
2118,Machine,Grocery,27977
2119,Food,Electronics,58101
2120,City,Grocery,97237
2121,Travel,Grocery,38184
2122,Mean,Grocery,81880
2123,Writer,Clothing,92992
2124,Democratic,Electronics,16906
2125,Type,Furniture,88735
2126,Put,Furniture,37134
2127,Mouth,Electronics,40417
2128,Peace,Clothing,55568
2129,Size,Clothing,19194
2130,Opportunity,Grocery,57896
2131,Inside,Electronics,10689
2132,Sort,Electronics,57321
2133,Win,Furniture,1757
2134,Street,Electronics,98400
2135,Issue,Clothing,39631
2136,Measure,Electronics,52327
2137,Cultural,Furniture,3264
2138,Reach,Grocery,93178
2139,Because,Furniture,84073
2140,Type,Furniture,41347
2141,Hour,Grocery,19701
2142,Artist,Furniture,94066
2143,Adult,Furniture,50699
2144,Generation,Electronics,71645
2145,Art,Electronics,4652
2146,Middle,Grocery,9517
2147,Less,Electronics,58679
2148,Interview,Electronics,68307
2149,Beyond,Furniture,72155
2150,Public,Clothing,78370
2151,Congress,Electronics,3822
2152,Like,Clothing,70542
2153,Surface,Electronics,95732
2154,Your,Electronics,40131
2155,Maybe,Grocery,79335
2156,Choose,Grocery,21538
2157,Buy,Grocery,58919
2158,Them,Clothing,43956
2159,Site,Furniture,33676
2160,Leave,Electronics,42038
2161,West,Electronics,49128
2162,Wish,Electronics,59907
2163,Travel,Clothing,49977
2164,Perform,Grocery,97883
2165,Magazine,Furniture,43561
2166,Play,Clothing,93574
2167,Different,Grocery,40569
2168,Couple,Clothing,83236
2169,Present,Furniture,20535
2170,Story,Grocery,84217
2171,Edge,Clothing,14291
2172,Fire,Furniture,84826
2173,Dinner,Electronics,27486
2174,Idea,Furniture,31821
2175,Shoulder,Electronics,54886
2176,Media,Clothing,13804
2177,Large,Grocery,56735
2178,Coach,Grocery,2223
2179,Yourself,Clothing,90810
2180,Data,Grocery,63093
2181,Lawyer,Grocery,80222
2182,Subject,Electronics,97612
2183,College,Clothing,25516
2184,Suddenly,Furniture,1914
2185,Relate,Electronics,78637
2186,Claim,Clothing,50358
2187,Discussion,Electronics,16608
2188,Information,Furniture,85266
2189,Present,Furniture,79016
2190,At,Clothing,35799
2191,Respond,Furniture,46435
2192,Front,Electronics,46906
2193,Outside,Furniture,77953
2194,Religious,Electronics,63868
2195,Cause,Electronics,35839
2196,Safe,Furniture,34885
2197,Continue,Clothing,32080
2198,Could,Grocery,89435
2199,Common,Furniture,94802
2200,Ahead,Electronics,85116
2201,Everything,Electronics,1709
2202,Know,Furniture,66353
2203,Amount,Clothing,85581
2204,Join,Clothing,91228
2205,Local,Electronics,28241
2206,Establish,Electronics,30109
2207,Trouble,Clothing,6882
2208,Nice,Grocery,92172
2209,Catch,Furniture,99452
2210,Professor,Electronics,26033
2211,Subject,Electronics,77254
2212,Begin,Clothing,8407
2213,Policy,Furniture,92307
2214,Interest,Clothing,75974
2215,Program,Furniture,38446
2216,Right,Furniture,50872
2217,Know,Furniture,72184
2218,Ago,Electronics,40249
2219,School,Grocery,86800
2220,Realize,Clothing,27626
2221,Office,Grocery,96858
2222,Street,Clothing,85812
2223,Reach,Furniture,68577
2224,Election,Electronics,5795
2225,Take,Grocery,39269
2226,System,Electronics,48047
2227,Money,Clothing,47324
2228,Such,Electronics,45965
2229,According,Electronics,25653
2230,Start,Grocery,60510
2231,Once,Furniture,90995
2232,Feeling,Electronics,24916
2233,If,Furniture,55126
2234,Argue,Clothing,50805
2235,Music,Electronics,62022
2236,Open,Grocery,74014
2237,Whether,Clothing,1981
2238,Two,Clothing,39667
2239,Throw,Grocery,47465
2240,Huge,Electronics,79311
2241,Somebody,Electronics,70222
2242,Against,Clothing,25106
2243,Similar,Electronics,41298
2244,Concern,Furniture,22931
2245,Somebody,Grocery,16559
2246,Which,Furniture,32543
2247,Me,Electronics,42416
2248,Population,Clothing,96231
2249,Management,Grocery,64586
2250,Goal,Electronics,5977
2251,Beyond,Electronics,39653
2252,Ready,Clothing,5022
2253,Move,Clothing,4786
2254,Total,Furniture,32866
2255,Record,Grocery,80043
2256,Parent,Grocery,32106
2257,Heavy,Clothing,31522
2258,Third,Furniture,12305
2259,TRUE,Grocery,86690
2260,Computer,Clothing,23627
2261,Soldier,Electronics,18543
2262,Hospital,Grocery,16624
2263,Need,Furniture,28302
2264,Left,Furniture,65652
2265,Decision,Furniture,46242
2266,It,Electronics,61792
2267,Between,Grocery,82484
2268,Experience,Grocery,20955
2269,Consider,Electronics,83847
2270,Effort,Grocery,60472
2271,Help,Electronics,25195
2272,Peace,Electronics,38824
2273,Indicate,Electronics,49341
2274,Seem,Furniture,52103
2275,Improve,Grocery,68479
2276,Raise,Electronics,94937
2277,Garden,Grocery,92096
2278,Gun,Furniture,97554
2279,Pattern,Electronics,94383
2280,Cold,Clothing,16072
2281,Sell,Furniture,93946
2282,My,Clothing,23027
2283,Event,Grocery,66730
2284,Enjoy,Grocery,52447
2285,Measure,Furniture,99808
2286,Series,Grocery,88960
2287,Race,Clothing,86310
2288,Environmental,Electronics,69618
2289,Hotel,Electronics,45383
2290,Real,Electronics,81426
2291,Financial,Furniture,12305
2292,Kind,Grocery,89974
2293,Toward,Clothing,12848
2294,World,Grocery,21197
2295,General,Grocery,3192
2296,Can,Grocery,53411
2297,Town,Electronics,22792
2298,Forward,Clothing,23962
2299,More,Clothing,90496
2300,Group,Grocery,79607
2301,International,Electronics,80252
2302,Save,Electronics,70569
2303,Democrat,Clothing,5026
2304,Local,Electronics,91399
2305,Role,Electronics,4069
2306,Learn,Electronics,35833
2307,Right,Furniture,69955
2308,Special,Grocery,41843
2309,Once,Clothing,39976
2310,Against,Clothing,20423
2311,Country,Furniture,16528
2312,Relate,Grocery,34678
2313,Let,Clothing,86586
2314,Land,Electronics,64240
2315,Someone,Clothing,83929
2316,Maybe,Electronics,6464
2317,Personal,Furniture,35449
2318,House,Electronics,791
2319,Statement,Clothing,95698
2320,Here,Clothing,66567
2321,Purpose,Clothing,45996
2322,Police,Furniture,57162
2323,Which,Furniture,97366
2324,Particularly,Grocery,79862
2325,Watch,Clothing,13961
2326,Since,Electronics,96937
2327,Staff,Furniture,88402
2328,Gun,Clothing,64028
2329,Establish,Clothing,83331
2330,Task,Furniture,41447
2331,Staff,Grocery,3221
2332,Show,Furniture,83893
2333,Democrat,Furniture,28264
2334,Lawyer,Electronics,25591
2335,Wait,Electronics,59322
2336,Including,Grocery,23265
2337,Again,Clothing,3848
2338,Pretty,Furniture,98681
2339,Save,Grocery,26653
2340,State,Electronics,60480
2341,Art,Furniture,44431
2342,Method,Clothing,96133
2343,Actually,Electronics,96944
2344,Sometimes,Electronics,39660
2345,Forget,Electronics,53965
2346,Analysis,Grocery,46786
2347,Street,Clothing,76010
2348,Prevent,Furniture,4775
2349,Law,Grocery,66806
2350,Situation,Grocery,78086
2351,Operation,Grocery,76316
2352,Born,Electronics,10168
2353,Accept,Clothing,54560
2354,Day,Grocery,46518
2355,Name,Furniture,26306
2356,Tv,Clothing,387
2357,Cultural,Furniture,22437
2358,Down,Clothing,20766
2359,May,Furniture,1261
2360,Direction,Electronics,90171
2361,Product,Grocery,98164
2362,Couple,Furniture,38851
2363,Book,Clothing,82163
2364,Mission,Grocery,89489
2365,Life,Grocery,14858
2366,About,Clothing,65880
2367,By,Furniture,3278
2368,Direction,Electronics,31931
2369,Good,Electronics,2276
2370,Way,Furniture,33754
2371,Strategy,Grocery,26727
2372,Her,Grocery,52650
2373,Great,Grocery,45010
2374,Decade,Grocery,90517
2375,Type,Furniture,58351
2376,Few,Grocery,35522
2377,Hold,Clothing,12084
2378,Enjoy,Grocery,89412
2379,Hundred,Electronics,61486
2380,Never,Grocery,83391
2381,Let,Furniture,7235
2382,Medical,Electronics,420
2383,Heart,Furniture,94271
2384,Author,Furniture,21784
2385,Tough,Electronics,56013
2386,Wonder,Furniture,88874
2387,Alone,Furniture,21989
2388,Simple,Grocery,95949
2389,Lawyer,Clothing,98171
2390,Research,Furniture,48999
2391,Hotel,Furniture,10870
2392,Understand,Furniture,39421
2393,Soon,Grocery,86062
2394,Let,Clothing,41877
2395,Different,Electronics,46350
2396,Opportunity,Grocery,73134
2397,Red,Grocery,40230
2398,A,Clothing,82031
2399,Question,Clothing,49446
2400,Change,Grocery,2637
2401,Never,Electronics,84862
2402,Network,Grocery,15316
2403,Day,Clothing,84249
2404,Save,Electronics,3109
2405,Conference,Clothing,90004
2406,Surface,Electronics,29427
2407,Or,Furniture,14309
2408,Thought,Clothing,48543
2409,Quality,Clothing,15129
2410,Happen,Grocery,67713
2411,People,Clothing,79543
2412,Never,Clothing,57097
2413,Boy,Furniture,62659
2414,Debate,Clothing,64992
2415,Human,Furniture,70509
2416,Generation,Furniture,8735
2417,Population,Furniture,33165
2418,Democrat,Furniture,33883
2419,Bring,Electronics,34252
2420,Community,Grocery,58841
2421,You,Electronics,51602
2422,Then,Clothing,29192
2423,Short,Electronics,17753
2424,See,Electronics,98099
2425,Religious,Clothing,99664
2426,Floor,Clothing,40569
2427,Catch,Clothing,86583
2428,Wide,Electronics,59854
2429,Marriage,Electronics,30078
2430,At,Clothing,87692
2431,Animal,Grocery,94643
2432,Seem,Grocery,43269
2433,Television,Furniture,48387
2434,Old,Clothing,54845
2435,Scene,Furniture,5643
2436,Action,Grocery,56492
2437,Though,Furniture,21167
2438,Forward,Clothing,51133
2439,In,Clothing,45356
2440,Long,Clothing,90733
2441,Particularly,Electronics,69445
2442,From,Furniture,22291
2443,Letter,Grocery,86903
2444,Image,Grocery,72842
2445,Design,Grocery,86693
2446,Very,Electronics,29092
2447,Picture,Electronics,81631
2448,Old,Clothing,48903
2449,Job,Grocery,63577
2450,Network,Electronics,13310
2451,Defense,Clothing,83429
2452,Sense,Grocery,26370
2453,Beautiful,Furniture,62108
2454,Always,Clothing,5297
2455,Future,Electronics,7552
2456,Magazine,Electronics,41586
2457,Rest,Clothing,14959
2458,Information,Clothing,27336
2459,Some,Electronics,31999
2460,Next,Furniture,32183
2461,Election,Grocery,67808
2462,Someone,Furniture,16763
2463,Line,Clothing,93176
2464,Any,Furniture,19153
2465,Middle,Electronics,11185
2466,Heavy,Clothing,30664
2467,Store,Grocery,89845
2468,Health,Electronics,59195
2469,Sound,Electronics,69617
2470,Talk,Grocery,21253
2471,Push,Grocery,5347
2472,Plant,Furniture,10653
2473,Outside,Clothing,20911
2474,Through,Grocery,95481
2475,Boy,Grocery,6235
2476,Community,Clothing,5673
2477,Present,Grocery,79367
2478,System,Grocery,7289
2479,Discuss,Furniture,80177
2480,Wear,Electronics,43746
2481,Record,Electronics,76723
2482,Free,Electronics,53787
2483,Lose,Electronics,68412
2484,Win,Grocery,27664
2485,Paper,Clothing,28935
2486,Enough,Clothing,61687
2487,Just,Furniture,7797
2488,Mean,Furniture,80265
2489,After,Grocery,74022
2490,Move,Clothing,17146
2491,Sometimes,Clothing,57923
2492,Purpose,Electronics,73680
2493,Yard,Grocery,53470
2494,North,Grocery,9715
2495,Every,Electronics,5160
2496,Less,Grocery,76536
2497,Rise,Grocery,60619
2498,Debate,Furniture,71217
2499,You,Clothing,61258
2500,Especially,Grocery,34882
2501,Kind,Furniture,85809
2502,Kitchen,Clothing,78633
2503,Everybody,Electronics,58355
2504,Resource,Furniture,72784
2505,Read,Furniture,57018
2506,Image,Clothing,84384
2507,Realize,Electronics,79658
2508,Room,Furniture,85649
2509,Body,Grocery,81522
2510,Ground,Grocery,25356
2511,Accept,Grocery,30105
2512,Machine,Electronics,6738
2513,Issue,Furniture,37519
2514,Response,Grocery,33477
2515,Miss,Electronics,43216
2516,Yard,Grocery,36734
2517,Perhaps,Clothing,82391
2518,School,Furniture,23482
2519,Management,Furniture,56163
2520,Account,Electronics,22494
2521,Fast,Electronics,67889
2522,Central,Furniture,964
2523,City,Grocery,99672
2524,Identify,Grocery,40322
2525,Someone,Clothing,13766
2526,Appear,Grocery,21055
2527,Generation,Electronics,81945
2528,Bill,Electronics,69690
2529,Specific,Grocery,66571
2530,As,Electronics,88414
2531,Paper,Furniture,43398
2532,Current,Furniture,63208
2533,During,Grocery,49024
2534,Four,Furniture,16809
2535,Dog,Furniture,9826
2536,Financial,Clothing,60924
2537,Feeling,Clothing,40642
2538,Peace,Furniture,20345
2539,Trip,Grocery,34853
2540,Modern,Clothing,79888
2541,Stop,Electronics,21416
2542,System,Electronics,84798
2543,Can,Electronics,16060
2544,Common,Grocery,30891
2545,Reality,Furniture,25316
2546,Smile,Electronics,32567
2547,Plan,Grocery,64527
2548,Third,Clothing,62147
2549,Physical,Furniture,73390
2550,Vote,Clothing,47114
2551,Check,Grocery,4178
2552,Believe,Electronics,78489
2553,Individual,Electronics,50619
2554,Local,Grocery,4142
2555,Congress,Electronics,49152
2556,Night,Furniture,14489
2557,Minute,Grocery,96061
2558,Member,Clothing,68211
2559,Offer,Grocery,93815
2560,Cover,Furniture,50833
2561,Western,Furniture,34854
2562,Right,Grocery,18724
2563,Specific,Grocery,85986
2564,Team,Electronics,26781
2565,Office,Furniture,89624
2566,Full,Grocery,81106
2567,Audience,Grocery,24804
2568,Bad,Furniture,95013
2569,Usually,Grocery,94208
2570,Pay,Electronics,7593
2571,Trouble,Furniture,69739
2572,Especially,Electronics,54483
2573,Research,Electronics,3094
2574,Minute,Electronics,69380
2575,According,Electronics,47334
2576,Allow,Furniture,47391
2577,Loss,Electronics,92968
2578,Fund,Electronics,5694
2579,Laugh,Grocery,7471
2580,Bad,Furniture,47415
2581,Throughout,Furniture,83664
2582,Picture,Clothing,79626
2583,Weight,Furniture,16726
2584,More,Furniture,86105
2585,Pressure,Clothing,7230
2586,Prove,Furniture,6928
2587,Read,Furniture,57614
2588,Range,Furniture,52764
2589,Rest,Furniture,17983
2590,About,Clothing,43159
2591,Scene,Furniture,84178
2592,Large,Furniture,43032
2593,Century,Clothing,61369
2594,Home,Grocery,76086
2595,Quite,Electronics,86059
2596,Page,Grocery,2135
2597,Majority,Clothing,40845
2598,Show,Electronics,17341
2599,Agency,Clothing,53075
2600,Popular,Clothing,23254
2601,Evidence,Furniture,25725
2602,Somebody,Electronics,45050
2603,Occur,Furniture,98702
2604,Several,Electronics,56496
2605,Arrive,Clothing,99327
2606,Guy,Clothing,13431
2607,You,Grocery,64027
2608,Of,Electronics,86326
2609,Shoulder,Furniture,84819
2610,Character,Grocery,63114
2611,They,Grocery,39446
2612,Article,Grocery,70511
2613,New,Furniture,54578
2614,Drug,Grocery,12354
2615,Sell,Furniture,55834
2616,Agent,Grocery,28721
2617,Us,Furniture,76541
2618,Less,Clothing,46221
2619,Participant,Clothing,81518
2620,Phone,Clothing,60297
2621,Set,Clothing,84677
2622,Remain,Clothing,94734
2623,Look,Grocery,42531
2624,Hot,Grocery,99345
2625,Most,Grocery,4937
2626,While,Furniture,90125
2627,Choose,Furniture,83263
2628,Author,Furniture,71332
2629,Base,Furniture,49094
2630,Look,Clothing,79179
2631,Grains,Clothing,12715
2632,Face,Clothing,1566
2633,Interest,Electronics,30871
2634,Director,Grocery,83986
2635,Perform,Furniture,66011
2636,Everything,Furniture,98666
2637,Memory,Clothing,20846
2638,Draw,Furniture,88522
2639,Design,Furniture,60839
2640,Camera,Grocery,98287
2641,Until,Clothing,73469
2642,Enter,Grocery,1993
2643,Check,Electronics,30673
2644,Reduce,Electronics,97007
2645,Citizen,Electronics,40974
2646,Model,Clothing,77462
2647,Especially,Furniture,87560
2648,Job,Clothing,33467
2649,Short,Clothing,21299
2650,Total,Furniture,91504
2651,Painting,Grocery,74428
2652,Smile,Electronics,57824
2653,Summer,Grocery,86233
2654,Issue,Electronics,36505
2655,Address,Clothing,98332
2656,Read,Electronics,16089
2657,Individual,Clothing,29031
2658,Social,Grocery,9390
2659,Single,Clothing,38467
2660,Manager,Grocery,79978
2661,Role,Furniture,90577
2662,Free,Furniture,79581
2663,Eat,Furniture,76398
2664,Stop,Clothing,30233
2665,About,Furniture,27152
2666,Interview,Electronics,85589
2667,Grow,Grocery,40575
2668,Catch,Grocery,82766
2669,Physical,Electronics,96722
2670,Land,Clothing,57756
2671,Cold,Clothing,4733
2672,Sense,Grocery,17404
2673,Too,Furniture,97920
2674,Nature,Clothing,46646
2675,Half,Clothing,7108
2676,He,Electronics,48391
2677,Other,Electronics,27505
2678,Money,Furniture,36486
2679,Education,Clothing,91009
2680,Participant,Clothing,20927
2681,Them,Electronics,33140
2682,Treat,Clothing,60454
2683,Health,Grocery,78643
2684,Bad,Electronics,18257
2685,Worker,Furniture,97793
2686,Five,Electronics,35415
2687,Sign,Clothing,36032
2688,Kind,Furniture,21264
2689,Walk,Electronics,14514
2690,None,Grocery,14427
2691,List,Grocery,1046
2692,Official,Electronics,14793
2693,See,Grocery,27341
2694,Gun,Grocery,95890
2695,Him,Grocery,15640
2696,Evening,Furniture,72355
2697,Man,Grocery,64857
2698,Couple,Grocery,41303
2699,Future,Grocery,25181
2700,Require,Furniture,61961
2701,Nothing,Electronics,11450
2702,Night,Clothing,55612
2703,Ready,Grocery,56909
2704,Just,Electronics,97657
2705,Film,Grocery,42932
2706,Recently,Furniture,28469
2707,Do,Electronics,31828
2708,Arrive,Furniture,17676
2709,Tax,Grocery,29101
2710,President,Grocery,83484
2711,Campaign,Furniture,490
2712,Down,Clothing,87635
2713,Magazine,Furniture,45536
2714,Interest,Grocery,11669
2715,Smile,Furniture,13129
2716,Dark,Clothing,22590
2717,Wind,Furniture,45975
2718,Choice,Clothing,5967
2719,Value,Clothing,80920
2720,Behavior,Furniture,99615
2721,Participant,Furniture,9221
2722,Offer,Electronics,1639
2723,At,Grocery,91124
2724,Suggest,Clothing,17127
2725,Management,Electronics,74329
2726,Toward,Furniture,9021
2727,Large,Grocery,50535
2728,Individual,Electronics,10410
2729,Million,Clothing,64065
2730,Back,Electronics,96544
2731,Range,Clothing,70022
2732,Feeling,Furniture,97899
2733,Because,Grocery,94048
2734,East,Grocery,82939
2735,Well,Grocery,12342
2736,Run,Furniture,9047
2737,Live,Clothing,71566
2738,Financial,Furniture,61916
2739,Travel,Grocery,48885
2740,To,Furniture,607
2741,Involve,Furniture,67072
2742,Foreign,Furniture,27251
2743,Certain,Clothing,11718
2744,Ball,Electronics,74386
2745,Others,Electronics,16222
2746,Big,Furniture,7454
2747,Agent,Electronics,31079
2748,Together,Electronics,86536
2749,Light,Furniture,79476
2750,Attack,Furniture,52874
2751,Have,Grocery,5137
2752,Activity,Electronics,28733
2753,Identify,Clothing,24595
2754,Attack,Furniture,64650
2755,Church,Grocery,81484
2756,Tough,Clothing,36583
2757,Offer,Electronics,73473
2758,Stage,Grocery,34169
2759,Matter,Furniture,7470
2760,Represent,Clothing,72047
2761,Research,Furniture,39233
2762,Remember,Electronics,96135
2763,Pay,Clothing,95861
2764,Moment,Electronics,792
2765,Inside,Electronics,29026
2766,Chance,Grocery,99882
2767,HGrains,Furniture,74084
2768,Charge,Clothing,43490
2769,Yourself,Electronics,49693
2770,Both,Electronics,75709
2771,Gun,Clothing,5309
2772,Look,Electronics,6633
2773,Both,Grocery,86697
2774,Third,Grocery,7311
2775,Wind,Grocery,10027
2776,Believe,Grocery,77563
2777,Item,Electronics,24694
2778,Fill,Clothing,74952
2779,Program,Clothing,77813
2780,Experience,Clothing,76482
2781,Between,Clothing,8033
2782,Involve,Furniture,40796
2783,Growth,Clothing,65549
2784,Customer,Furniture,67716
2785,Bill,Furniture,6189
2786,North,Grocery,56648
2787,Environmental,Furniture,26223
2788,Direction,Electronics,7897
2789,Recent,Furniture,50113
2790,Blood,Grocery,8446
2791,Book,Furniture,85514
2792,Mention,Electronics,33772
2793,Full,Electronics,17753
2794,Hundred,Electronics,49656
2795,Lose,Grocery,26240
2796,Season,Grocery,1284
2797,Month,Clothing,34593
2798,Remain,Grocery,44248
2799,Management,Electronics,24946
2800,Simply,Electronics,22295
2801,Worry,Grocery,5706
2802,Stage,Furniture,4056
2803,Relationship,Grocery,16655
2804,Believe,Grocery,90485
2805,Sign,Electronics,18790
2806,Direction,Clothing,58602
2807,Talk,Electronics,48949
2808,Media,Clothing,26447
2809,Able,Electronics,98825
2810,Can,Grocery,91421
2811,My,Electronics,49156
2812,Bed,Electronics,63951
2813,Prove,Electronics,98334
2814,Something,Grocery,81602
2815,Summer,Grocery,96733
2816,Simple,Grocery,81518
2817,Important,Grocery,70311
2818,Where,Clothing,41950
2819,Art,Clothing,78645
2820,Production,Furniture,27943
2821,Hold,Grocery,62420
2822,Decade,Clothing,29893
2823,Accept,Electronics,39616
2824,Adult,Grocery,17957
2825,Meeting,Furniture,19727
2826,Sure,Furniture,61922
2827,Could,Furniture,84201
2828,With,Electronics,91661
2829,Reveal,Clothing,52348
2830,Even,Electronics,55898
2831,Board,Grocery,93468
2832,Believe,Furniture,44216
2833,Recently,Electronics,75418
2834,Eight,Electronics,88002
2835,Produce,Clothing,28657
2836,Deal,Clothing,71434
2837,Or,Furniture,75263
2838,Final,Electronics,78102
2839,White,Electronics,42714
2840,Discussion,Clothing,12820
2841,Writer,Electronics,57708
2842,Past,Electronics,72195
2843,Officer,Electronics,84794
2844,Prove,Clothing,96552
2845,Ten,Furniture,87693
2846,Money,Grocery,35992
2847,Our,Furniture,77342
2848,Recent,Grocery,77706
2849,Yet,Electronics,1024
2850,Argue,Furniture,51422
2851,Want,Grocery,26578
2852,Bill,Clothing,71142
2853,Five,Clothing,46518
2854,Order,Furniture,62317
2855,Apply,Furniture,90240
2856,Evening,Electronics,80946
2857,Policy,Furniture,73862
2858,Hard,Electronics,11881
2859,Other,Electronics,5615
2860,Art,Clothing,36233
2861,Speak,Clothing,82608
2862,Glass,Grocery,97728
2863,Within,Clothing,77046
2864,Treatment,Clothing,85158
2865,Receive,Furniture,9195
2866,Baby,Clothing,88683
2867,Pass,Grocery,20570
2868,Trial,Furniture,43229
2869,You,Grocery,8631
2870,Top,Clothing,37138
2871,Get,Grocery,88039
2872,Analysis,Furniture,42774
2873,Financial,Electronics,94758
2874,Different,Grocery,82576
2875,Ever,Grocery,29931
2876,Most,Furniture,57274
2877,Future,Furniture,11379
2878,Play,Grocery,38320
2879,Cup,Clothing,60710
2880,Organization,Grocery,52819
2881,Window,Furniture,53151
2882,Decision,Electronics,72113
2883,Thought,Electronics,56752
2884,Relationship,Clothing,65624
2885,President,Grocery,83036
2886,Size,Electronics,6570
2887,Power,Grocery,67698
2888,Campaign,Furniture,41898
2889,Federal,Electronics,53573
2890,Network,Clothing,19980
2891,Central,Furniture,44539
2892,Do,Clothing,14408
2893,Food,Furniture,91663
2894,Language,Electronics,96356
2895,Too,Clothing,35181
2896,Safe,Clothing,75342
2897,North,Furniture,50483
2898,Phone,Clothing,9937
2899,Spend,Furniture,52251
2900,Play,Furniture,36924
2901,Whose,Furniture,33173
2902,Respond,Furniture,97724
2903,Serious,Electronics,93748
2904,Form,Furniture,26399
2905,Truth,Grocery,58961
2906,Have,Clothing,30163
2907,May,Grocery,69553
2908,Tax,Electronics,68572
2909,Program,Grocery,14606
2910,Represent,Clothing,94441
2911,Avoid,Grocery,79954
2912,American,Electronics,26126
2913,Look,Furniture,27772
2914,For,Grocery,38517
2915,Into,Electronics,52513
2916,Throughout,Electronics,65166
2917,Tough,Clothing,59313
2918,Day,Clothing,51071
2919,Success,Grocery,27381
2920,Artist,Furniture,28191
2921,Newspaper,Electronics,50594
2922,Force,Grocery,18710
2923,Head,Electronics,1179
2924,Always,Electronics,95486
2925,View,Furniture,46851
2926,Often,Furniture,86226
2927,Each,Grocery,55532
2928,Apply,Furniture,31051
2929,Also,Furniture,80963
2930,Economy,Grocery,78391
2931,Quickly,Furniture,59972
2932,While,Clothing,7335
2933,Performance,Electronics,82833
2934,Happy,Electronics,62812
2935,Lose,Electronics,21573
2936,Movement,Electronics,67667
2937,Tax,Grocery,79923
2938,Pretty,Electronics,32330
2939,Become,Electronics,84673
2940,Pattern,Electronics,92688
2941,Charge,Electronics,68976
2942,My,Clothing,40744
2943,Own,Electronics,48764
2944,Deal,Clothing,45303
2945,Much,Grocery,66777
2946,House,Furniture,25525
2947,Sell,Electronics,84917
2948,Wife,Furniture,86061
2949,Small,Furniture,97749
2950,Performance,Grocery,69906
2951,Record,Furniture,42914
2952,Support,Clothing,70319
2953,Director,Furniture,49746
2954,Door,Furniture,39984
2955,Trial,Furniture,95445
2956,Product,Electronics,69422
2957,Per,Electronics,21750
2958,National,Clothing,94342
2959,Born,Clothing,9290
2960,Make,Electronics,38296
2961,Sit,Clothing,39549
2962,Rate,Electronics,39761
2963,Size,Grocery,29809
2964,Radio,Furniture,80528
2965,Total,Furniture,75279
2966,On,Clothing,10043
2967,Mr,Electronics,43340
2968,Sign,Electronics,45860
2969,Again,Clothing,21142
2970,Build,Electronics,43994
2971,Big,Grocery,6969
2972,History,Furniture,61178
2973,Mr,Clothing,56859
2974,Machine,Clothing,44406
2975,College,Electronics,55471
2976,Sea,Clothing,21018
2977,Trade,Grocery,28479
2978,Do,Electronics,90910
2979,Bring,Electronics,83332
2980,Everyone,Electronics,3062
2981,Despite,Electronics,13951
2982,See,Grocery,45847
2983,Production,Electronics,52449
2984,Without,Clothing,70932
2985,On,Grocery,56456
2986,Any,Furniture,14845
2987,Give,Furniture,5830
2988,Buy,Clothing,14021
2989,Not,Clothing,98530
2990,Others,Grocery,71238
2991,Stop,Furniture,83211
2992,Benefit,Furniture,19123
2993,Feeling,Furniture,45449
2994,Lawyer,Furniture,81633
2995,Seem,Furniture,83386
2996,Relationship,Electronics,42079
2997,Democratic,Clothing,22937
2998,These,Electronics,15097
2999,Reduce,Furniture,88703
3000,Either,Grocery,45139
3001,Month,Grocery,21023
3002,Life,Furniture,8976
3003,Run,Furniture,61073
3004,Board,Grocery,2987
3005,Though,Electronics,63823
3006,Business,Electronics,42522
3007,Side,Furniture,51513
3008,Rise,Electronics,2941
3009,Commercial,Grocery,28856
3010,Physical,Electronics,71676
3011,Represent,Furniture,10404
3012,Half,Grocery,30441
3013,Best,Electronics,4858
3014,Easy,Clothing,17110
3015,Rise,Grocery,60858
3016,Remain,Grocery,31758
3017,Send,Clothing,49102
3018,Choice,Clothing,1475
3019,Represent,Grocery,99585
3020,Remember,Clothing,22192
3021,Realize,Furniture,590
3022,After,Furniture,3829
3023,Off,Furniture,6074
3024,Thus,Grocery,85316
3025,Despite,Clothing,83960
3026,Talk,Clothing,96970
3027,Capital,Electronics,21498
3028,Woman,Electronics,34750
3029,Cover,Clothing,21392
3030,Argue,Clothing,3259
3031,That,Clothing,98262
3032,Save,Grocery,62866
3033,Police,Clothing,94987
3034,Seat,Electronics,17165
3035,Republican,Grocery,21738
3036,Left,Clothing,1173
3037,Just,Electronics,46611
3038,Describe,Grocery,84407
3039,Science,Clothing,29420
3040,Movement,Clothing,69976
3041,Fly,Clothing,35024
3042,May,Grocery,81820
3043,Especially,Electronics,40834
3044,Along,Electronics,68216
3045,Executive,Furniture,40125
3046,Deep,Clothing,94603
3047,Treat,Furniture,2259
3048,Late,Furniture,49040
3049,Address,Electronics,79536
3050,Accept,Grocery,77076
3051,Development,Grocery,14778
3052,Role,Electronics,61175
3053,Represent,Grocery,47304
3054,Boy,Furniture,12121
3055,Deep,Clothing,6872
3056,Them,Electronics,67263
3057,Single,Clothing,73855
3058,Shake,Grocery,23564
3059,Hit,Clothing,51237
3060,Trouble,Grocery,30332
3061,Sister,Grocery,61597
3062,Hand,Furniture,74124
3063,Admit,Grocery,51548
3064,Who,Furniture,84617
3065,Meeting,Furniture,1001
3066,Growth,Furniture,88080
3067,Effect,Electronics,83697
3068,Reality,Electronics,2981
3069,Stock,Grocery,29963
3070,Card,Furniture,5722
3071,Few,Electronics,1478
3072,Girl,Furniture,83268
3073,Area,Clothing,93947
3074,Rock,Clothing,71286
3075,Campaign,Clothing,45301
3076,Report,Grocery,59351
3077,Big,Furniture,72672
3078,Race,Clothing,39355
3079,Event,Electronics,63312
3080,High,Clothing,50310
3081,Community,Clothing,22599
3082,Former,Clothing,51728
3083,Spend,Grocery,61460
3084,Then,Electronics,4703
3085,Rock,Furniture,93409
3086,Tax,Electronics,85573
3087,Next,Furniture,12732
3088,Agency,Grocery,30707
3089,Help,Grocery,91973
3090,You,Grocery,65856
3091,Television,Grocery,47094
3092,Most,Furniture,63482
3093,Design,Clothing,70454
3094,Pm,Furniture,56444
3095,Late,Electronics,53875
3096,Woman,Grocery,7449
3097,Better,Grocery,71254
3098,Through,Electronics,27564
3099,Item,Furniture,42724
3100,Bar,Clothing,37444
3101,Protect,Clothing,83891
3102,Forward,Electronics,24399
3103,Mother,Clothing,48075
3104,Crime,Furniture,1562
3105,Determine,Furniture,81541
3106,Prepare,Electronics,90556
3107,Language,Furniture,81888
3108,Produce,Grocery,40681
3109,Concern,Electronics,71389
3110,Pass,Furniture,14275
3111,Evidence,Electronics,6291
3112,ChGrains,Clothing,83534
3113,Professional,Furniture,84618
3114,Pick,Grocery,80258
3115,Rather,Furniture,66637
3116,Third,Electronics,47745
3117,Base,Electronics,23383
3118,Listen,Furniture,87071
3119,Team,Grocery,92859
3120,Goal,Grocery,59223
3121,Near,Grocery,30124
3122,Lay,Electronics,49730
3123,Speech,Furniture,30834
3124,Over,Clothing,615
3125,Determine,Electronics,66827
3126,Line,Grocery,97900
3127,Seven,Furniture,46316
3128,Cultural,Grocery,71933
3129,Back,Clothing,58855
3130,Leave,Grocery,27956
3131,Operation,Grocery,73970
3132,Experience,Clothing,24262
3133,See,Furniture,6108
3134,Fund,Electronics,8087
3135,Pretty,Furniture,62632
3136,Skin,Clothing,96602
3137,Next,Grocery,3432
3138,Man,Furniture,66423
3139,Individual,Electronics,39090
3140,Change,Clothing,9973
3141,Difference,Furniture,82642
3142,Anything,Electronics,85861
3143,Another,Clothing,36544
3144,Spring,Electronics,35440
3145,Despite,Clothing,5133
3146,Then,Grocery,73424
3147,Floor,Furniture,15789
3148,Traditional,Electronics,87234
3149,Certain,Clothing,95339
3150,Detail,Electronics,166
3151,Rest,Electronics,45346
3152,Three,Furniture,7633
3153,Catch,Grocery,80739
3154,Throughout,Electronics,70252
3155,Building,Clothing,59758
3156,Plan,Clothing,38598
3157,Across,Grocery,11872
3158,Service,Clothing,89485
3159,Head,Grocery,49136
3160,Your,Clothing,58631
3161,Meeting,Furniture,13040
3162,Throughout,Electronics,17032
3163,Coach,Furniture,95405
3164,Eat,Electronics,56927
3165,Him,Electronics,61531
3166,Hand,Electronics,24748
3167,Full,Furniture,33066
3168,Institution,Electronics,27877
3169,Section,Furniture,32667
3170,Group,Grocery,17274
3171,Good,Clothing,42698
3172,Always,Clothing,59299
3173,Likely,Electronics,13898
3174,Pull,Furniture,65464
3175,Son,Clothing,17658
3176,Admit,Furniture,61184
3177,Before,Furniture,44337
3178,Order,Electronics,65597
3179,Wind,Clothing,278
3180,Choice,Electronics,86106
3181,Common,Electronics,17218
3182,Responsibility,Clothing,22716
3183,Message,Clothing,898
3184,Work,Grocery,7701
3185,Foreign,Grocery,25463
3186,Seat,Furniture,2895
3187,Against,Clothing,97562
3188,Production,Grocery,45364
3189,Director,Furniture,72933
3190,Audience,Furniture,3184
3191,Factor,Furniture,95965
3192,Sell,Grocery,76746
3193,Maintain,Clothing,831
3194,Two,Electronics,1229
3195,Ball,Furniture,28122
3196,Per,Grocery,1705
3197,After,Grocery,77606
3198,Personal,Electronics,44230
3199,Family,Electronics,29365
3200,Cell,Grocery,32430
3201,Letter,Clothing,68569
3202,Since,Electronics,15287
3203,Film,Grocery,25891
3204,Anything,Electronics,90536
3205,Source,Clothing,70710
3206,Call,Furniture,92062
3207,Travel,Electronics,39967
3208,Situation,Clothing,993
3209,Hit,Grocery,99794
3210,Discussion,Electronics,19873
3211,Believe,Electronics,4339
3212,Decision,Grocery,20963
3213,Race,Furniture,51515
3214,Point,Grocery,69068
3215,Decision,Electronics,60530
3216,Son,Grocery,1615
3217,Ago,Clothing,97306
3218,Dark,Grocery,14705
3219,Right,Electronics,56340
3220,Tonight,Grocery,5686
3221,Man,Furniture,31286
3222,Suggest,Grocery,27028
3223,Possible,Furniture,98364
3224,Effect,Clothing,83187
3225,Kind,Furniture,87129
3226,Fight,Grocery,20811
3227,Federal,Electronics,55062
3228,Career,Furniture,20139
3229,Scene,Clothing,36661
3230,Certain,Furniture,75583
3231,Although,Furniture,97971
3232,Skill,Furniture,81495
3233,Consumer,Clothing,88758
3234,Draw,Grocery,1677
3235,Road,Furniture,28450
3236,Network,Furniture,33898
3237,Not,Electronics,97534
3238,Fund,Clothing,81517
3239,Ready,Furniture,10885
3240,Shake,Clothing,72327
3241,Camera,Furniture,62057
3242,Imagine,Grocery,65531
3243,Carry,Grocery,17397
3244,Magazine,Furniture,71994
3245,Population,Grocery,63872
3246,Process,Furniture,19681
3247,Baby,Grocery,55292
3248,The,Electronics,1562
3249,Final,Electronics,64273
3250,Sound,Electronics,15611
3251,Seat,Clothing,76206
3252,Us,Clothing,48765
3253,Subject,Electronics,44514
3254,Store,Clothing,81110
3255,Knowledge,Grocery,72673
3256,Wait,Furniture,93765
3257,Who,Furniture,13486
3258,Sense,Furniture,54560
3259,Other,Electronics,6321
3260,Add,Clothing,23574
3261,Fire,Grocery,21145
3262,Half,Grocery,91419
3263,Adult,Electronics,5022
3264,Door,Grocery,22806
3265,Week,Grocery,42871
3266,Raise,Grocery,52435
3267,Effect,Grocery,98115
3268,Day,Clothing,53049
3269,West,Grocery,70814
3270,Campaign,Furniture,95658
3271,Treatment,Electronics,15340
3272,Member,Clothing,91856
3273,Former,Grocery,2816
3274,She,Clothing,16674
3275,Doctor,Grocery,83355
3276,Question,Furniture,73817
3277,Third,Electronics,44166
3278,Buy,Grocery,61926
3279,Final,Grocery,20313
3280,Section,Grocery,72016
3281,Ground,Grocery,66251
3282,Player,Electronics,51006
3283,Many,Electronics,563
3284,Into,Furniture,32073
3285,Bar,Electronics,74794
3286,Instead,Grocery,20751
3287,In,Furniture,68794
3288,We,Furniture,20108
3289,Account,Furniture,70574
3290,Rest,Grocery,38285
3291,Understand,Clothing,88024
3292,Development,Grocery,74517
3293,Southern,Electronics,71239
3294,Good,Electronics,35080
3295,Bring,Grocery,22604
3296,Our,Grocery,55070
3297,Mean,Furniture,16866
3298,Perhaps,Grocery,94022
3299,Painting,Furniture,11795
3300,Number,Electronics,17896
3301,Detail,Furniture,42643
3302,One,Grocery,14659
3303,For,Electronics,33239
3304,Purpose,Clothing,8902
3305,Item,Furniture,73943
3306,Challenge,Electronics,40305
3307,Hand,Furniture,98850
3308,Girl,Electronics,34259
3309,Issue,Electronics,11616
3310,Participant,Furniture,50592
3311,Subject,Clothing,29186
3312,Nation,Electronics,30580
3313,Six,Electronics,52191
3314,Tonight,Electronics,47866
3315,Institution,Clothing,38837
3316,Evening,Clothing,9365
3317,But,Grocery,71090
3318,Especially,Furniture,91817
3319,Require,Clothing,15486
3320,Develop,Furniture,37525
3321,Century,Grocery,43354
3322,Or,Furniture,89963
3323,Message,Clothing,53734
3324,Pretty,Furniture,86817
3325,Ok,Clothing,47762
3326,So,Furniture,87088
3327,Your,Clothing,99387
3328,Positive,Clothing,87627
3329,Anyone,Furniture,75552
3330,Represent,Grocery,10243
3331,Want,Electronics,91491
3332,Court,Grocery,15681
3333,Tonight,Furniture,67543
3334,Claim,Grocery,29524
3335,Total,Clothing,88944
3336,Nation,Electronics,42084
3337,Forward,Furniture,41605
3338,Court,Furniture,62799
3339,Somebody,Furniture,27057
3340,Recent,Electronics,25564
3341,Like,Clothing,23749
3342,Go,Furniture,42165
3343,Because,Grocery,92761
3344,Actually,Furniture,34858
3345,Own,Furniture,5696
3346,Method,Furniture,16474
3347,Service,Furniture,3875
3348,Position,Clothing,27488
3349,Forward,Grocery,21129
3350,Sign,Clothing,84081
3351,Various,Grocery,53739
3352,Wonder,Furniture,14745
3353,Painting,Electronics,31205
3354,If,Clothing,13768
3355,Should,Electronics,16060
3356,Thought,Clothing,11457
3357,Set,Furniture,64704
3358,Here,Clothing,51896
3359,Magazine,Furniture,15904
3360,Ten,Clothing,14726
3361,Cost,Furniture,28232
3362,Factor,Furniture,8051
3363,Full,Grocery,6549
3364,Tree,Furniture,19165
3365,Even,Grocery,9230
3366,Reflect,Furniture,89460
3367,Market,Electronics,62387
3368,Official,Furniture,51802
3369,Entire,Electronics,37093
3370,Several,Electronics,31975
3371,Can,Furniture,6154
3372,Crime,Electronics,99909
3373,Travel,Grocery,48617
3374,Present,Clothing,76468
3375,Arm,Furniture,29770
3376,Floor,Electronics,49212
3377,Whom,Furniture,88488
3378,Unit,Grocery,89256
3379,Lead,Furniture,28407
3380,Environmental,Furniture,67187
3381,Thing,Electronics,48022
3382,Often,Grocery,63180
3383,Police,Clothing,93448
3384,Candidate,Clothing,79435
3385,Have,Electronics,26412
3386,Cold,Furniture,67085
3387,Free,Electronics,57708
3388,Government,Electronics,90062
3389,See,Electronics,40377
3390,Almost,Furniture,31651
3391,At,Grocery,89913
3392,Movie,Electronics,56697
3393,Home,Furniture,45312
3394,Share,Grocery,9737
3395,Quality,Electronics,43358
3396,Sound,Clothing,35793
3397,Decide,Grocery,9924
3398,Above,Electronics,27050
3399,Tend,Grocery,23588
3400,Certainly,Grocery,315
3401,Your,Grocery,11623
3402,Outside,Grocery,76000
3403,Politics,Grocery,68789
3404,Fall,Grocery,23934
3405,Hope,Electronics,34574
3406,Material,Clothing,43166
3407,Fine,Furniture,99971
3408,Challenge,Grocery,10500
3409,Remain,Furniture,10445
3410,Process,Electronics,33996
3411,Rise,Grocery,85530
3412,Reveal,Clothing,28999
3413,Without,Furniture,28329
3414,Pay,Grocery,5683
3415,News,Electronics,4997
3416,Might,Clothing,71637
3417,Participant,Furniture,4667
3418,Person,Furniture,74907
3419,Daughter,Grocery,77339
3420,Bank,Clothing,13429
3421,Beat,Clothing,71892
3422,Team,Clothing,328
3423,Move,Clothing,90382
3424,Third,Electronics,82314
3425,Behind,Clothing,37152
3426,Page,Furniture,57869
3427,Alone,Furniture,46132
3428,Measure,Electronics,88821
3429,Bar,Furniture,33786
3430,Theory,Furniture,77081
3431,Represent,Clothing,98902
3432,Although,Furniture,63361
3433,Probably,Electronics,2909
3434,Including,Clothing,41885
3435,Camera,Grocery,36647
3436,Job,Clothing,42918
3437,Mother,Electronics,72027
3438,Stock,Clothing,65781
3439,Board,Clothing,79565
3440,Site,Electronics,89962
3441,Throughout,Clothing,95627
3442,Daughter,Electronics,37433
3443,Development,Electronics,16676
3444,Generation,Grocery,39505
3445,Security,Furniture,94100
3446,Sea,Furniture,73879
3447,As,Clothing,31701
3448,TRUE,Clothing,68046
3449,Similar,Grocery,67456
3450,Provide,Grocery,52216
3451,Rise,Grocery,62994
3452,Hand,Electronics,34735
3453,Indeed,Grocery,7565
3454,Building,Grocery,56854
3455,Four,Clothing,98075
3456,Test,Grocery,92950
3457,Ok,Electronics,85219
3458,Difficult,Electronics,92791
3459,Science,Clothing,38971
3460,Or,Grocery,62974
3461,Yourself,Grocery,77833
3462,Behind,Electronics,29611
3463,Worker,Grocery,81060
3464,Hospital,Grocery,48921
3465,Name,Grocery,65876
3466,Game,Furniture,70267
3467,Environment,Clothing,75235
3468,Expect,Furniture,44562
3469,West,Clothing,61482
3470,Year,Electronics,90294
3471,Ask,Grocery,32674
3472,Audience,Clothing,42010
3473,Use,Furniture,73631
3474,At,Grocery,25286
3475,Environment,Electronics,94881
3476,When,Clothing,22913
3477,Health,Clothing,78912
3478,Democrat,Clothing,85625
3479,Others,Grocery,78382
3480,Century,Furniture,18657
3481,Well,Furniture,28160
3482,Set,Clothing,58966
3483,Money,Electronics,72204
3484,Learn,Electronics,84677
3485,Return,Furniture,6180
3486,North,Electronics,13954
3487,Heavy,Furniture,67795
3488,But,Clothing,27125
3489,Enter,Furniture,53082
3490,Determine,Furniture,41181
3491,Agency,Clothing,4468
3492,Certainly,Electronics,99721
3493,With,Furniture,27194
3494,Knowledge,Furniture,46140
3495,Close,Clothing,66866
3496,Class,Electronics,83153
3497,Build,Furniture,24091
3498,Any,Clothing,1401
3499,Instead,Furniture,28710
3500,He,Grocery,81563
3501,Especially,Clothing,34778
3502,Top,Electronics,24566
3503,Firm,Electronics,80540
3504,By,Electronics,40975
3505,Establish,Electronics,26181
3506,Box,Furniture,24454
3507,On,Furniture,93397
3508,Citizen,Electronics,18400
3509,Design,Electronics,64484
3510,Positive,Electronics,95127
3511,Idea,Furniture,60992
3512,Guy,Electronics,35625
3513,Fear,Electronics,26632
3514,Turn,Grocery,6564
3515,Free,Grocery,16662
3516,Upon,Electronics,55614
3517,Sound,Clothing,74319
3518,I,Electronics,32734
3519,Per,Grocery,160
3520,Production,Clothing,9369
3521,Fund,Clothing,63243
3522,Three,Electronics,23165
3523,Social,Grocery,2995
3524,Require,Grocery,80959
3525,Action,Clothing,12452
3526,Toward,Electronics,49837
3527,Big,Furniture,96526
3528,Strategy,Furniture,32116
3529,Evidence,Grocery,61404
3530,Various,Furniture,12062
3531,Pull,Grocery,33402
3532,The,Grocery,85482
3533,Image,Grocery,4111
3534,Meeting,Furniture,19882
3535,Owner,Grocery,67791
3536,Report,Clothing,39825
3537,Whether,Electronics,9296
3538,Society,Electronics,43559
3539,General,Grocery,87345
3540,Pretty,Electronics,78963
3541,Tend,Furniture,32869
3542,Minute,Furniture,24800
3543,Offer,Electronics,80456
3544,Treat,Furniture,76527
3545,Glass,Electronics,5369
3546,Special,Electronics,43980
3547,Scene,Electronics,8420
3548,Director,Grocery,49689
3549,Before,Electronics,76376
3550,Edge,Grocery,35997
3551,Car,Electronics,58665
3552,Early,Electronics,31030
3553,Young,Electronics,57333
3554,Remain,Furniture,82921
3555,Your,Grocery,14480
3556,Activity,Grocery,76996
3557,Foot,Electronics,71034
3558,Probably,Electronics,55930
3559,Feel,Furniture,5629
3560,Laugh,Furniture,94698
3561,Even,Furniture,83087
3562,Single,Grocery,49278
3563,Always,Grocery,7037
3564,Guess,Grocery,39986
3565,Little,Electronics,49799
3566,Street,Grocery,76496
3567,Certain,Clothing,90778
3568,Create,Clothing,25379
3569,Meet,Furniture,38206
3570,Brother,Grocery,79837
3571,Fact,Clothing,40644
3572,Start,Furniture,9097
3573,Whether,Grocery,85811
3574,Skill,Electronics,40960
3575,Yard,Clothing,3325
3576,Value,Electronics,59570
3577,Close,Grocery,63756
3578,Already,Clothing,51980
3579,Mr,Grocery,61178
3580,Hour,Electronics,88746
3581,Guess,Clothing,76390
3582,Hard,Electronics,56733
3583,Rest,Grocery,26755
3584,Manager,Grocery,43701
3585,Play,Electronics,3214
3586,Choice,Clothing,26602
3587,Agency,Electronics,49868
3588,Low,Grocery,48228
3589,Be,Electronics,20128
3590,Positive,Grocery,55665
3591,Hospital,Electronics,83223
3592,Sign,Clothing,35433
3593,Develop,Clothing,3274
3594,Rule,Electronics,35498
3595,Trade,Electronics,36029
3596,Born,Clothing,4421
3597,Town,Grocery,96071
3598,Grow,Clothing,55521
3599,Back,Grocery,72735
3600,Ball,Electronics,23860
3601,Ball,Electronics,11460
3602,Seem,Grocery,10413
3603,Help,Electronics,86098
3604,Add,Grocery,5901
3605,Business,Furniture,14230
3606,Sometimes,Clothing,14371
3607,Card,Furniture,16175
3608,Play,Grocery,19084
3609,Far,Clothing,88195
3610,Recently,Grocery,61042
3611,Summer,Clothing,12961
3612,Point,Clothing,99070
3613,Employee,Clothing,82303
3614,Loss,Clothing,71476
3615,Nation,Grocery,61347
3616,Paper,Clothing,69201
3617,Truth,Clothing,21077
3618,Outside,Furniture,50717
3619,Drive,Electronics,57573
3620,Daughter,Electronics,86754
3621,Without,Furniture,88277
3622,Paper,Furniture,73002
3623,Show,Grocery,92272
3624,Physical,Grocery,15730
3625,Phone,Grocery,20156
3626,Ten,Furniture,7482
3627,Claim,Furniture,55839
3628,Clearly,Clothing,81785
3629,From,Grocery,48739
3630,Medical,Grocery,59938
3631,Result,Grocery,46141
3632,Especially,Electronics,1092
3633,History,Clothing,72494
3634,Amount,Grocery,67757
3635,Again,Grocery,27260
3636,Player,Grocery,45256
3637,Lot,Electronics,51475
3638,Your,Electronics,86542
3639,Street,Furniture,19672
3640,TRUE,Clothing,4236
3641,Role,Furniture,61968
3642,Point,Clothing,82363
3643,Much,Electronics,32267
3644,Phone,Grocery,15579
3645,Common,Furniture,31476
3646,Media,Grocery,4923
3647,Care,Furniture,70556
3648,Today,Electronics,19685
3649,Form,Electronics,17372
3650,Subject,Electronics,26719
3651,Color,Furniture,75169
3652,Win,Clothing,39995
3653,Recent,Furniture,3820
3654,Yard,Clothing,19367
3655,Usually,Furniture,15796
3656,Glass,Furniture,30068
3657,After,Electronics,53464
3658,Across,Grocery,23445
3659,Back,Grocery,51667
3660,Democratic,Clothing,91329
3661,Gun,Grocery,61707
3662,Simple,Furniture,19485
3663,Turn,Furniture,83758
3664,School,Electronics,67000
3665,Budget,Electronics,68344
3666,Often,Grocery,65525
3667,Sport,Clothing,78618
3668,Produce,Grocery,82944
3669,Increase,Grocery,33019
3670,Admit,Grocery,90797
3671,Throughout,Grocery,57296
3672,Purpose,Furniture,79501
3673,Agent,Clothing,595
3674,Bad,Furniture,44855
3675,Wall,Clothing,67784
3676,Suddenly,Electronics,33424
3677,Fall,Grocery,79029
3678,Research,Furniture,1652
3679,Together,Clothing,51372
3680,Leg,Electronics,35953
3681,Again,Electronics,33024
3682,Model,Grocery,74562
3683,Brother,Clothing,96487
3684,Must,Furniture,23989
3685,Lawyer,Grocery,54775
3686,Best,Furniture,73691
3687,Company,Electronics,70290
3688,Now,Furniture,22734
3689,Bit,Furniture,32463
3690,Point,Grocery,63852
3691,Wish,Furniture,77104
3692,Clearly,Grocery,56498
3693,Several,Electronics,98558
3694,Call,Grocery,40818
3695,Series,Grocery,83016
3696,Past,Clothing,26970
3697,Least,Furniture,37494
3698,Plan,Electronics,52157
3699,Southern,Grocery,79895
3700,Language,Electronics,80509
3701,Local,Clothing,13116
3702,Mission,Furniture,42237
3703,Build,Grocery,253
3704,Federal,Furniture,7953
3705,Parent,Clothing,12479
3706,Political,Clothing,15892
3707,Ask,Electronics,38467
3708,Democratic,Grocery,18200
3709,Officer,Electronics,63556
3710,City,Clothing,11149
3711,Lead,Furniture,886
3712,Detail,Electronics,70004
3713,Positive,Electronics,30799
3714,ChGrains,Furniture,47791
3715,People,Electronics,37140
3716,Serve,Furniture,93090
3717,Away,Grocery,58086
3718,Buy,Furniture,38862
3719,Rise,Grocery,23700
3720,Back,Furniture,94874
3721,Deep,Clothing,90877
3722,Manager,Clothing,19910
3723,Opportunity,Grocery,85803
3724,Suddenly,Grocery,87447
3725,Suffer,Clothing,57304
3726,Apply,Grocery,20185
3727,Sell,Furniture,46954
3728,Late,Furniture,74897
3729,Defense,Clothing,84369
3730,Call,Electronics,39879
3731,Help,Furniture,56307
3732,Husband,Grocery,94715
3733,Leave,Electronics,34080
3734,Mrs,Electronics,56217
3735,Power,Furniture,14241
3736,Meet,Furniture,9444
3737,Three,Electronics,15996
3738,Best,Electronics,89453
3739,Represent,Clothing,29913
3740,Any,Grocery,84531
3741,Rise,Clothing,65779
3742,Newspaper,Furniture,10781
3743,History,Clothing,73003
3744,Business,Clothing,3328
3745,His,Clothing,4682
3746,Than,Clothing,78783
3747,Newspaper,Grocery,11497
3748,Fall,Grocery,38899
3749,Provide,Electronics,37111
3750,South,Furniture,79283
3751,Election,Clothing,93354
3752,For,Electronics,44364
3753,Majority,Electronics,42417
3754,Development,Electronics,48014
3755,Drive,Grocery,84733
3756,On,Clothing,45354
3757,Commercial,Clothing,40196
3758,Bill,Furniture,53885
3759,Home,Clothing,52444
3760,Collection,Clothing,82743
3761,Type,Electronics,68646
3762,Your,Furniture,71191
3763,Record,Clothing,65703
3764,Reason,Grocery,28512
3765,Type,Clothing,51758
3766,Personal,Electronics,99941
3767,Detail,Grocery,49649
3768,Address,Electronics,11649
3769,Medical,Clothing,71316
3770,Hit,Grocery,25839
3771,Just,Furniture,21309
3772,Your,Furniture,88068
3773,Individual,Grocery,15216
3774,Box,Grocery,20145
3775,Alone,Electronics,26427
3776,Herself,Grocery,35809
3777,Condition,Electronics,43717
3778,Write,Clothing,60239
3779,Notice,Electronics,27005
3780,Of,Grocery,64248
3781,Cold,Grocery,72703
3782,Mind,Clothing,98195
3783,Fight,Grocery,43019
3784,Admit,Grocery,83621
3785,Fire,Furniture,93005
3786,Artist,Furniture,83500
3787,Deal,Clothing,88250
3788,Five,Electronics,58546
3789,Either,Furniture,52528
3790,Age,Electronics,47994
3791,Might,Grocery,81249
3792,Without,Furniture,6547
3793,Away,Clothing,5599
3794,Inside,Clothing,39141
3795,Congress,Clothing,31415
3796,Dog,Furniture,1399
3797,Wind,Electronics,5094
3798,Sign,Grocery,95514
3799,Bed,Electronics,81263
3800,Until,Electronics,7589
3801,Grains,Grocery,91747
3802,Wall,Grocery,32455
3803,Site,Furniture,73905
3804,Learn,Furniture,68467
3805,Upon,Furniture,77455
3806,Social,Furniture,90449
3807,Final,Furniture,87273
3808,Suffer,Grocery,2096
3809,Want,Electronics,44487
3810,Professional,Furniture,3189
3811,Outside,Furniture,98927
3812,Tend,Electronics,20759
3813,Skill,Furniture,45278
3814,Get,Electronics,96065
3815,Imagine,Electronics,81368
3816,Type,Grocery,85142
3817,Off,Clothing,70826
3818,Thing,Grocery,70211
3819,Both,Clothing,34665
3820,Adult,Clothing,89342
3821,Behind,Clothing,22984
3822,Project,Furniture,17299
3823,Foreign,Grocery,60138
3824,Above,Clothing,57886
3825,Billion,Electronics,49394
3826,Nor,Furniture,78115
3827,Red,Grocery,34278
3828,East,Clothing,12765
3829,Social,Electronics,634
3830,Why,Grocery,91928
3831,West,Grocery,36232
3832,Focus,Furniture,36210
3833,Design,Grocery,58854
3834,Adult,Furniture,63680
3835,Seven,Clothing,22569
3836,Run,Furniture,64116
3837,Blue,Electronics,46333
3838,Speech,Furniture,66808
3839,Knowledge,Electronics,58332
3840,Surface,Furniture,93550
3841,According,Grocery,86537
3842,Bit,Clothing,34509
3843,Worry,Electronics,19424
3844,Measure,Furniture,8838
3845,Help,Furniture,24154
3846,Building,Furniture,29809
3847,Consider,Grocery,85743
3848,One,Grocery,463
3849,Professor,Electronics,10458
3850,Memory,Electronics,3340
3851,Reveal,Grocery,72301
3852,Own,Electronics,45789
3853,Ask,Clothing,2036
3854,Nothing,Clothing,91174
3855,Southern,Grocery,44065
3856,Choice,Electronics,77634
3857,Space,Furniture,982
3858,Prepare,Clothing,20324
3859,Already,Grocery,30925
3860,Can,Electronics,70840
3861,Debate,Grocery,28985
3862,Card,Furniture,40156
3863,Sometimes,Clothing,3303
3864,Support,Grocery,60341
3865,Structure,Grocery,2344
3866,Support,Grocery,98422
3867,First,Furniture,68719
3868,Again,Grocery,21684
3869,Relationship,Furniture,8621
3870,Blood,Furniture,50117
3871,Join,Furniture,33641
3872,Stage,Clothing,29163
3873,As,Clothing,70368
3874,Occur,Grocery,65052
3875,Dog,Grocery,93154
3876,Focus,Clothing,39663
3877,Board,Electronics,39852
3878,Available,Clothing,95333
3879,Including,Furniture,2667
3880,Water,Clothing,16221
3881,Instead,Furniture,1774
3882,Six,Grocery,76511
3883,Technology,Electronics,66375
3884,Show,Grocery,67181
3885,Outside,Furniture,29240
3886,Final,Furniture,9427
3887,Whom,Furniture,70763
3888,Now,Electronics,23431
3889,Idea,Clothing,23104
3890,Pm,Grocery,10592
3891,Wear,Grocery,54897
3892,Itself,Clothing,58195
3893,Account,Grocery,13849
3894,Again,Electronics,63317
3895,Wide,Grocery,89144
3896,Late,Furniture,9145
3897,Which,Clothing,20216
3898,Focus,Electronics,18767
3899,Trouble,Clothing,75157
3900,Get,Electronics,74305
3901,Film,Furniture,27402
3902,Information,Clothing,11383
3903,Wish,Grocery,31035
3904,Market,Electronics,72634
3905,Evidence,Clothing,94442
3906,Energy,Grocery,31724
3907,Billion,Clothing,13540
3908,Cost,Clothing,46601
3909,Girl,Clothing,87433
3910,Performance,Electronics,1369
3911,Send,Grocery,7968
3912,West,Furniture,30351
3913,East,Electronics,78009
3914,Entire,Electronics,84623
3915,Attack,Electronics,38829
3916,Out,Furniture,15834
3917,Next,Grocery,42529
3918,Work,Grocery,41437
3919,Hold,Grocery,40425
3920,Enjoy,Clothing,83700
3921,Team,Clothing,62614
3922,Either,Clothing,8533
3923,Something,Furniture,9211
3924,Pay,Clothing,63853
3925,Provide,Furniture,80683
3926,Party,Grocery,73720
3927,Trade,Clothing,21851
3928,Gas,Clothing,16553
3929,Memory,Electronics,85944
3930,Pay,Furniture,39068
3931,Interest,Grocery,30177
3932,Meet,Electronics,34875
3933,Lead,Electronics,58244
3934,Discuss,Grocery,48670
3935,Learn,Electronics,46197
3936,Direction,Furniture,24603
3937,Drive,Furniture,2879
3938,Consumer,Clothing,86940
3939,Us,Electronics,855
3940,Hard,Clothing,39363
3941,Old,Electronics,55187
3942,Behind,Furniture,42381
3943,Short,Furniture,51582
3944,Cause,Furniture,54957
3945,Adult,Electronics,17500
3946,Reach,Furniture,40215
3947,Despite,Electronics,14349
3948,Blood,Clothing,46925
3949,Child,Electronics,24700
3950,Police,Clothing,37806
3951,Reality,Electronics,19322
3952,Ball,Clothing,99141
3953,Fire,Furniture,41239
3954,Nice,Clothing,41402
3955,Recently,Furniture,94784
3956,White,Furniture,87938
3957,Because,Clothing,68259
3958,Exist,Electronics,8746
3959,Partner,Electronics,13643
3960,Care,Grocery,94596
3961,Should,Electronics,22885
3962,Account,Grocery,78453
3963,According,Electronics,31506
3964,Where,Electronics,89092
3965,Pass,Furniture,51528
3966,Area,Grocery,23877
3967,Most,Electronics,58039
3968,Not,Grocery,53126
3969,Admit,Furniture,86550
3970,All,Furniture,29653
3971,Voice,Grocery,23648
3972,Pay,Furniture,63321
3973,Population,Clothing,37365
3974,By,Clothing,40801
3975,Two,Furniture,51387
3976,HGrains,Clothing,6827
3977,Art,Electronics,50817
3978,Least,Grocery,32527
3979,Memory,Electronics,16792
3980,Must,Grocery,31725
3981,Their,Furniture,25018
3982,Effort,Electronics,41236
3983,Nation,Furniture,52509
3984,Environmental,Furniture,15677
3985,Market,Grocery,85255
3986,Activity,Grocery,99346
3987,Simply,Grocery,81831
3988,Policy,Electronics,27789
3989,Student,Clothing,11254
3990,And,Grocery,95048
3991,Less,Grocery,21441
3992,Soldier,Electronics,97654
3993,Success,Grocery,74781
3994,Three,Electronics,46430
3995,Lead,Furniture,87859
3996,Follow,Grocery,68516
3997,Time,Grocery,86907
3998,Firm,Furniture,33413
3999,Check,Furniture,47000
4000,Record,Furniture,78940
4001,Throughout,Grocery,34795
4002,There,Clothing,30325
4003,Type,Clothing,86172
4004,Major,Clothing,96467
4005,Surface,Grocery,49256
4006,Land,Furniture,77309
4007,Leader,Grocery,87553
4008,Street,Furniture,27929
4009,Bank,Grocery,81008
4010,Probably,Grocery,26038
4011,Everything,Furniture,59264
4012,Hotel,Clothing,54630
4013,Age,Furniture,68299
4014,Task,Electronics,60382
4015,Can,Electronics,47901
4016,Teach,Furniture,9565
4017,Really,Grocery,3426
4018,Reduce,Electronics,3759
4019,Social,Electronics,60389
4020,Subject,Grocery,27694
4021,Usually,Grocery,4863
4022,Necessary,Clothing,88757
4023,Particularly,Grocery,10928
4024,Job,Furniture,47688
4025,Could,Furniture,11321
4026,Machine,Clothing,11311
4027,Begin,Electronics,13669
4028,Special,Electronics,96994
4029,Factor,Grocery,37960
4030,Coach,Furniture,71658
4031,Relate,Electronics,45437
4032,Meeting,Clothing,52411
4033,The,Clothing,13615
4034,Pretty,Furniture,71795
4035,Effort,Clothing,87327
4036,Poor,Clothing,25004
4037,Must,Furniture,60035
4038,Hospital,Grocery,43890
4039,Build,Grocery,68680
4040,Claim,Clothing,75248
4041,Picture,Grocery,5736
4042,Spend,Grocery,77229
4043,Beat,Clothing,2992
4044,Spring,Grocery,21772
4045,Major,Clothing,5912
4046,Yes,Electronics,96721
4047,Tell,Furniture,754
4048,Somebody,Furniture,54733
4049,Generation,Grocery,17243
4050,Ask,Grocery,56034
4051,Most,Grocery,67434
4052,Discuss,Furniture,29187
4053,Land,Electronics,11718
4054,Tax,Electronics,8546
4055,Friend,Furniture,87282
4056,Enjoy,Electronics,48967
4057,Beyond,Furniture,51128
4058,Politics,Electronics,60201
4059,Major,Clothing,27300
4060,Probably,Clothing,95207
4061,Beat,Furniture,88174
4062,Measure,Electronics,61565
4063,Agency,Grocery,86536
4064,Hold,Electronics,87992
4065,In,Clothing,88659
4066,Box,Clothing,39248
4067,Responsibility,Electronics,83028
4068,Appear,Electronics,20798
4069,Big,Grocery,42570
4070,Company,Grocery,92171
4071,Great,Electronics,51760
4072,Scientist,Electronics,54010
4073,Art,Electronics,35550
4074,Trouble,Electronics,56563
4075,Mother,Furniture,33857
4076,Sure,Electronics,78112
4077,Manage,Grocery,70347
4078,Power,Clothing,72115
4079,Create,Furniture,31490
4080,Identify,Electronics,56216
4081,Ok,Clothing,13261
4082,Great,Furniture,32252
4083,Avoid,Clothing,80271
4084,Town,Electronics,95933
4085,Successful,Electronics,20936
4086,Indeed,Grocery,90467
4087,Exactly,Electronics,66643
4088,Support,Electronics,55748
4089,A,Furniture,26431
4090,Future,Grocery,10863
4091,Film,Furniture,69544
4092,Exactly,Clothing,93209
4093,Body,Electronics,19287
4094,Finally,Clothing,12057
4095,Project,Furniture,4479
4096,Plan,Electronics,28059
4097,Catch,Electronics,82118
4098,Subject,Furniture,27205
4099,Tell,Furniture,977
4100,Project,Furniture,48453
4101,Fund,Furniture,83888
4102,Mouth,Furniture,96970
4103,Really,Electronics,84685
4104,Reveal,Furniture,83408
4105,Be,Electronics,51667
4106,Natural,Electronics,58013
4107,Lay,Furniture,2737
4108,Change,Furniture,72878
4109,Sound,Grocery,42125
4110,Employee,Electronics,99608
4111,Food,Furniture,82564
4112,Practice,Furniture,28842
4113,No,Furniture,11931
4114,Politics,Grocery,85192
4115,Responsibility,Grocery,90979
4116,Recognize,Clothing,88470
4117,Read,Electronics,46862
4118,Method,Clothing,99058
4119,Talk,Furniture,88841
4120,Edge,Grocery,18930
4121,Able,Grocery,55144
4122,Large,Clothing,74048
4123,Image,Grocery,69302
4124,Decide,Furniture,37145
4125,Leg,Grocery,86422
4126,Major,Clothing,71151
4127,Support,Furniture,26727
4128,Food,Clothing,15298
4129,Sign,Grocery,69621
4130,Lose,Clothing,29575
4131,Land,Clothing,19503
4132,From,Electronics,3781
4133,Education,Grocery,91655
4134,Century,Grocery,93222
4135,Stuff,Clothing,42392
4136,Power,Electronics,5729
4137,Wear,Grocery,93346
4138,Mouth,Furniture,95964
4139,Still,Clothing,77914
4140,Him,Grocery,8517
4141,Hundred,Furniture,34865
4142,Ago,Grocery,74599
4143,Part,Furniture,56674
4144,But,Clothing,90645
4145,Usually,Grocery,27775
4146,Bed,Grocery,72367
4147,Put,Electronics,40663
4148,Decide,Clothing,11432
4149,Choose,Furniture,19277
4150,Have,Grocery,89354
4151,These,Grocery,68547
4152,Bit,Furniture,57204
4153,College,Clothing,84435
4154,Art,Electronics,80830
4155,Pick,Electronics,5051
4156,Personal,Grocery,28433
4157,Over,Furniture,21773
4158,Miss,Grocery,40970
4159,Stuff,Furniture,71201
4160,Traditional,Electronics,22921
4161,Study,Clothing,25594
4162,Bed,Furniture,99577
4163,Radio,Electronics,74260
4164,Hand,Grocery,935
4165,Second,Furniture,18746
4166,Always,Clothing,77460
4167,Beyond,Grocery,37435
4168,Friend,Grocery,69451
4169,Real,Electronics,2529
4170,Site,Furniture,42050
4171,Hot,Grocery,60754
4172,Society,Clothing,68243
4173,Her,Furniture,91286
4174,Herself,Clothing,97989
4175,Draw,Grocery,77627
4176,Stop,Clothing,86804
4177,News,Electronics,31199
4178,Matter,Clothing,39485
4179,Long,Furniture,36019
4180,Range,Clothing,97052
4181,Back,Clothing,60882
4182,Stock,Electronics,71216
4183,Low,Clothing,72690
4184,Bank,Clothing,89726
4185,Serve,Grocery,40487
4186,Condition,Grocery,15923
4187,Bit,Furniture,46115
4188,Smile,Grocery,15439
4189,Can,Grocery,3591
4190,Hand,Grocery,806
4191,Mouth,Grocery,97593
4192,Several,Electronics,15828
4193,Reach,Grocery,7097
4194,Leader,Electronics,60508
4195,Enough,Electronics,58197
4196,Cost,Grocery,38623
4197,Film,Clothing,25263
4198,Moment,Electronics,17818
4199,Eye,Clothing,87608
4200,Sort,Clothing,83867
4201,See,Grocery,39719
4202,Audience,Furniture,12226
4203,Choice,Grocery,89231
4204,Out,Furniture,65026
4205,Start,Furniture,40733
4206,Student,Grocery,77754
4207,Note,Grocery,3417
4208,Situation,Furniture,45080
4209,Student,Grocery,44215
4210,Firm,Furniture,61746
4211,Enter,Clothing,43258
4212,Kid,Grocery,56063
4213,School,Clothing,47731
4214,For,Electronics,49416
4215,Lawyer,Clothing,59442
4216,Pass,Clothing,15604
4217,Computer,Furniture,68693
4218,Author,Clothing,26760
4219,Them,Grocery,37296
4220,Option,Furniture,66038
4221,Wonder,Electronics,8705
4222,Teach,Grocery,57488
4223,Some,Electronics,81397
4224,Radio,Clothing,55601
4225,Local,Grocery,53409
4226,Large,Grocery,27143
4227,Option,Electronics,33735
4228,Decision,Grocery,79415
4229,One,Grocery,80791
4230,Grow,Grocery,33232
4231,Market,Clothing,89487
4232,Wide,Electronics,15466
4233,Laugh,Grocery,94044
4234,Civil,Furniture,72207
4235,Become,Furniture,62680
4236,Standard,Furniture,57989
4237,Investment,Furniture,79653
4238,Price,Clothing,39336
4239,Policy,Grocery,4250
4240,Firm,Electronics,19523
4241,Game,Grocery,4237
4242,Significant,Clothing,30092
4243,Growth,Furniture,94538
4244,Eight,Clothing,45021
4245,Respond,Grocery,79469
4246,Pressure,Electronics,67017
4247,Film,Clothing,73790
4248,Explain,Electronics,34335
4249,Sort,Clothing,79075
4250,Its,Electronics,19222
4251,Cell,Electronics,24056
4252,Trial,Furniture,63979
4253,Book,Electronics,58660
4254,Degree,Furniture,82900
4255,Quality,Grocery,68785
4256,Way,Grocery,24760
4257,Media,Furniture,86164
4258,Part,Furniture,1268
4259,Land,Clothing,45224
4260,Smile,Clothing,35997
4261,Smile,Clothing,15132
4262,Tree,Grocery,52897
4263,Employee,Clothing,35394
4264,Eat,Electronics,43927
4265,Tend,Electronics,3616
4266,Seem,Clothing,19851
4267,Gun,Electronics,30473
4268,Heavy,Grocery,30370
4269,Protect,Electronics,10486
4270,Hold,Grocery,64917
4271,President,Furniture,65284
4272,Catch,Furniture,79793
4273,Act,Furniture,37979
4274,Strategy,Furniture,49697
4275,Hope,Electronics,39232
4276,Plan,Clothing,3726
4277,Live,Electronics,86036
4278,Face,Grocery,81615
4279,He,Electronics,77165
4280,Father,Electronics,55490
4281,Another,Grocery,16745
4282,Would,Furniture,92060
4283,She,Furniture,54244
4284,Law,Furniture,13482
4285,Month,Clothing,4125
4286,While,Grocery,43326
4287,Send,Grocery,79480
4288,At,Electronics,69811
4289,So,Clothing,96155
4290,Explain,Furniture,74810
4291,Art,Clothing,3543
4292,Yourself,Grocery,21495
4293,Response,Grocery,10825
4294,Let,Electronics,33561
4295,Tonight,Electronics,41215
4296,Nothing,Grocery,96987
4297,Material,Furniture,83832
4298,When,Furniture,79890
4299,Ask,Clothing,79657
4300,There,Grocery,71360
4301,Skin,Grocery,28790
4302,Indeed,Furniture,1507
4303,Table,Furniture,73668
4304,Find,Grocery,58660
4305,Character,Electronics,47440
4306,Drug,Grocery,17894
4307,Ago,Grocery,19981
4308,Still,Furniture,86392
4309,Cultural,Furniture,95052
4310,Ready,Electronics,49803
4311,Let,Electronics,44454
4312,Sell,Clothing,91388
4313,Everybody,Grocery,78562
4314,Group,Furniture,99401
4315,Story,Electronics,14490
4316,Student,Clothing,87575
4317,Claim,Clothing,27407
4318,Process,Furniture,96464
4319,Our,Furniture,94149
4320,Environmental,Clothing,24602
4321,Where,Electronics,95699
4322,Nation,Clothing,22586
4323,Main,Grocery,38358
4324,Course,Grocery,57816
4325,Base,Furniture,97328
4326,Ability,Electronics,81594
4327,Glass,Electronics,82868
4328,Color,Grocery,10848
4329,Them,Clothing,62885
4330,Arm,Furniture,76150
4331,Care,Clothing,22838
4332,Rich,Clothing,74331
4333,Box,Clothing,73706
4334,And,Electronics,93401
4335,Provide,Grocery,41762
4336,Where,Electronics,96397
4337,Data,Grocery,82334
4338,Whether,Furniture,15223
4339,Sometimes,Furniture,25716
4340,Stand,Clothing,11282
4341,Feel,Grocery,90469
4342,North,Grocery,98978
4343,Gun,Grocery,62113
4344,Car,Clothing,31431
4345,Whom,Clothing,46198
4346,Record,Furniture,26228
4347,Case,Electronics,31656
4348,We,Grocery,87605
4349,Meet,Grocery,21976
4350,Every,Electronics,9049
4351,Show,Grocery,52062
4352,Serve,Clothing,90154
4353,Large,Clothing,71306
4354,Money,Grocery,24199
4355,Will,Clothing,12816
4356,Line,Clothing,52711
4357,Guy,Grocery,38985
4358,Teach,Furniture,53244
4359,Pay,Electronics,65320
4360,Sea,Clothing,7937
4361,Though,Furniture,49455
4362,Leader,Clothing,47399
4363,Moment,Clothing,19259
4364,Again,Electronics,51112
4365,Street,Clothing,59405
4366,Note,Electronics,87196
4367,Per,Electronics,17206
4368,Cut,Electronics,58223
4369,Tend,Furniture,8820
4370,Political,Grocery,37761
4371,Mind,Furniture,93998
4372,Wait,Grocery,93894
4373,Clear,Grocery,87418
4374,Establish,Electronics,21220
4375,Cultural,Clothing,19890
4376,Watch,Electronics,58755
4377,Certainly,Clothing,59743
4378,Least,Grocery,93548
4379,Case,Electronics,47474
4380,Eye,Clothing,43007
4381,Lot,Furniture,50171
4382,Example,Clothing,34912
4383,Second,Electronics,49670
4384,Analysis,Furniture,51001
4385,Benefit,Clothing,60286
4386,Congress,Clothing,50351
4387,History,Clothing,65271
4388,Meeting,Clothing,36260
4389,Really,Clothing,19256
4390,Way,Furniture,76308
4391,Sure,Grocery,80080
4392,Energy,Furniture,72420
4393,Hold,Furniture,18029
4394,Mouth,Furniture,66706
4395,Still,Grocery,88542
4396,What,Electronics,62659
4397,Sea,Grocery,54305
4398,Raise,Furniture,68575
4399,Significant,Clothing,64441
4400,Compare,Clothing,95477
4401,Throughout,Furniture,42963
4402,Authority,Clothing,81937
4403,School,Furniture,65539
4404,Teach,Clothing,7294
4405,Chance,Grocery,71487
4406,Station,Electronics,82014
4407,Table,Electronics,66314
4408,Agency,Grocery,96276
4409,Agency,Grocery,99392
4410,Director,Furniture,29877
4411,She,Furniture,26283
4412,Despite,Furniture,27545
4413,Newspaper,Clothing,67138
4414,Above,Furniture,87301
4415,Admit,Grocery,16298
4416,Son,Electronics,21511
4417,Customer,Clothing,50677
4418,Despite,Furniture,15967
4419,Their,Clothing,62601
4420,Operation,Clothing,14366
4421,ChGrains,Furniture,39522
4422,Wear,Clothing,35308
4423,Behavior,Electronics,31313
4424,Yeah,Grocery,7467
4425,Full,Grocery,79126
4426,During,Electronics,35462
4427,Their,Clothing,51688
4428,Laugh,Furniture,38385
4429,Service,Clothing,74855
4430,Director,Electronics,71946
4431,Pattern,Clothing,36407
4432,Allow,Grocery,95267
4433,Kitchen,Clothing,80380
4434,Though,Electronics,19967
4435,Animal,Grocery,56623
4436,Authority,Clothing,84261
4437,Evidence,Clothing,6478
4438,Expert,Grocery,84785
4439,No,Furniture,77058
4440,Realize,Grocery,28026
4441,Statement,Furniture,98807
4442,Cold,Electronics,13280
4443,Amount,Electronics,92937
4444,Point,Grocery,37031
4445,Manage,Grocery,24114
4446,Good,Electronics,96572
4447,Throw,Furniture,79972
4448,Want,Electronics,58602
4449,Program,Grocery,87836
4450,Medical,Electronics,5570
4451,Trial,Grocery,96495
4452,Example,Grocery,15053
4453,Return,Electronics,38607
4454,Here,Furniture,93069
4455,Happen,Clothing,91593
4456,Site,Electronics,6623
4457,Feel,Clothing,87023
4458,Affect,Electronics,57290
4459,So,Clothing,47861
4460,Ball,Furniture,31269
4461,Scene,Furniture,45741
4462,Letter,Electronics,23090
4463,Quickly,Grocery,29761
4464,He,Clothing,13519
4465,Significant,Grocery,14557
4466,My,Grocery,67700
4467,Nearly,Grocery,76202
4468,Still,Furniture,33185
4469,Generation,Electronics,97164
4470,Leg,Electronics,50754
4471,Relationship,Furniture,6230
4472,Throughout,Furniture,2142
4473,Treatment,Electronics,70234
4474,Various,Grocery,43082
4475,Space,Clothing,98522
4476,Appear,Clothing,65285
4477,Room,Clothing,33577
4478,Never,Grocery,52809
4479,Authority,Electronics,28816
4480,Admit,Furniture,78237
4481,This,Electronics,36118
4482,Bring,Grocery,8161
4483,Issue,Furniture,8709
4484,Recognize,Grocery,35471
4485,Statement,Clothing,83121
4486,Child,Clothing,20905
4487,Choice,Grocery,7957
4488,Deep,Furniture,11720
4489,Remember,Furniture,8277
4490,Challenge,Electronics,30211
4491,Past,Clothing,88678
4492,Season,Electronics,84281
4493,Finally,Electronics,90041
4494,Tend,Grocery,11926
4495,Single,Grocery,13990
4496,One,Electronics,82528
4497,Understand,Clothing,58131
4498,With,Grocery,75120
4499,Reduce,Electronics,5595
4500,Light,Electronics,28581
4501,Remain,Electronics,11367
4502,Account,Electronics,6843
4503,Dark,Electronics,54900
4504,Experience,Electronics,48873
4505,Decade,Grocery,57142
4506,Card,Clothing,49576
4507,Tax,Electronics,92205
4508,Production,Furniture,28652
4509,End,Grocery,65342
4510,Describe,Grocery,45872
4511,Assume,Electronics,43830
4512,Build,Grocery,29048
4513,Scene,Electronics,76411
4514,Explain,Clothing,69193
4515,Store,Clothing,69223
4516,Guy,Grocery,16635
4517,Environmental,Grocery,66590
4518,Country,Furniture,46662
4519,Be,Grocery,89180
4520,According,Furniture,58635
4521,Than,Clothing,99091
4522,Bill,Clothing,41369
4523,Agent,Electronics,80774
4524,Member,Clothing,42562
4525,Clear,Furniture,3227
4526,Job,Grocery,23247
4527,Commercial,Electronics,45628
4528,Back,Furniture,77195
4529,Win,Grocery,69031
4530,Cut,Electronics,91025
4531,Organization,Clothing,66481
4532,Outside,Furniture,99568
4533,Good,Grocery,63849
4534,Question,Electronics,38772
4535,Everything,Electronics,13831
4536,Poor,Clothing,54612
4537,History,Grocery,98758
4538,Involve,Clothing,51124
4539,Hold,Clothing,3932
4540,World,Grocery,32432
4541,Guy,Grocery,12567
4542,Season,Grocery,41125
4543,Create,Furniture,13207
4544,Wish,Grocery,78094
4545,Culture,Electronics,94302
4546,Base,Clothing,43581
4547,Keep,Furniture,2681
4548,Response,Grocery,75218
4549,Ago,Furniture,51738
4550,Something,Grocery,8518
4551,During,Furniture,93727
4552,Responsibility,Clothing,29213
4553,Half,Clothing,84463
4554,Why,Electronics,63144
4555,But,Electronics,80055
4556,Process,Grocery,61130
4557,Can,Clothing,11914
4558,Local,Furniture,99440
4559,Art,Furniture,10124
4560,Place,Furniture,63388
4561,Guy,Electronics,57936
4562,Rock,Furniture,7535
4563,Live,Electronics,67184
4564,International,Electronics,70701
4565,Understand,Grocery,88516
4566,For,Furniture,3507
4567,What,Furniture,99043
4568,TRUE,Clothing,33040
4569,Fight,Grocery,5766
4570,Edge,Clothing,37222
4571,Result,Grocery,25192
4572,Result,Furniture,75745
4573,Machine,Electronics,26605
4574,Study,Electronics,36813
4575,General,Electronics,54487
4576,Health,Electronics,43269
4577,Those,Electronics,73382
4578,Quality,Clothing,77611
4579,Five,Grocery,51842
4580,Note,Furniture,40622
4581,Collection,Clothing,81232
4582,With,Grocery,99497
4583,Medical,Electronics,3980
4584,Score,Grocery,43554
4585,Into,Grocery,55811
4586,Agency,Electronics,43639
4587,Since,Electronics,68421
4588,Hard,Electronics,88085
4589,Second,Furniture,14899
4590,Animal,Electronics,60202
4591,Push,Furniture,50826
4592,Store,Electronics,48884
4593,Least,Furniture,43433
4594,Mrs,Grocery,40928
4595,Into,Clothing,69626
4596,House,Grocery,54462
4597,Through,Grocery,54097
4598,Cell,Electronics,50441
4599,Alone,Furniture,19173
4600,Professor,Clothing,14649
4601,Trial,Electronics,83895
4602,Fine,Electronics,57020
4603,Each,Electronics,85426
4604,Beat,Grocery,75615
4605,Have,Furniture,20416
4606,Attorney,Furniture,26283
4607,Specific,Clothing,93960
4608,Sign,Furniture,24724
4609,Order,Furniture,62615
4610,Forget,Electronics,85881
4611,Many,Electronics,46805
4612,Receive,Grocery,89426
4613,Role,Electronics,26856
4614,Television,Electronics,60490
4615,Anything,Electronics,68469
4616,Onto,Electronics,70921
4617,Attorney,Grocery,9689
4618,Move,Electronics,14216
4619,Hotel,Clothing,73281
4620,Beat,Clothing,44886
4621,Bag,Clothing,94786
4622,Less,Clothing,76525
4623,During,Electronics,30386
4624,Particularly,Clothing,16094
4625,Song,Electronics,90298
4626,During,Grocery,26739
4627,Class,Clothing,17305
4628,Yard,Furniture,56777
4629,Leader,Clothing,33030
4630,Visit,Clothing,73413
4631,Language,Electronics,93951
4632,Tough,Clothing,92609
4633,Traditional,Furniture,18416
4634,Identify,Electronics,27404
4635,Deal,Electronics,96158
4636,Those,Grocery,87976
4637,Know,Grocery,85466
4638,Environment,Clothing,13503
4639,Old,Grocery,80152
4640,Order,Grocery,84727
4641,Recently,Grocery,73595
4642,Today,Electronics,32032
4643,Little,Electronics,96190
4644,Fill,Electronics,36801
4645,Environment,Grocery,3485
4646,Republican,Electronics,99326
4647,Person,Grocery,57341
4648,Trip,Electronics,10467
4649,Actually,Electronics,65130
4650,Federal,Furniture,46605
4651,Player,Clothing,33432
4652,Community,Grocery,85278
4653,Forward,Furniture,76425
4654,Win,Electronics,35368
4655,Painting,Grocery,86586
4656,Produce,Electronics,25663
4657,Girl,Clothing,36504
4658,Trip,Furniture,55282
4659,Campaign,Clothing,33091
4660,City,Furniture,47763
4661,Back,Electronics,65986
4662,Letter,Clothing,83948
4663,Image,Clothing,24227
4664,Nor,Electronics,57792
4665,Rest,Clothing,94489
4666,Consider,Grocery,37600
4667,Accept,Furniture,33885
4668,Price,Furniture,84246
4669,Top,Furniture,89226
4670,Usually,Grocery,95079
4671,Store,Furniture,48097
4672,Thing,Electronics,7270
4673,Range,Clothing,13403
4674,Down,Grocery,71843
4675,Always,Furniture,77952
4676,Listen,Electronics,35287
4677,South,Clothing,65134
4678,Outside,Clothing,71876
4679,Benefit,Grocery,1993
4680,Nature,Grocery,13853
4681,Whether,Grocery,38190
4682,Even,Electronics,65022
4683,Remember,Electronics,76868
4684,Recently,Grocery,59512
4685,Employee,Furniture,56130
4686,Work,Clothing,17609
4687,Able,Clothing,68753
4688,Too,Electronics,37029
4689,Newspaper,Clothing,48391
4690,Mean,Furniture,4142
4691,Debate,Clothing,62674
4692,Picture,Electronics,37301
4693,Like,Electronics,92382
4694,Bag,Furniture,14116
4695,Score,Furniture,25122
4696,Voice,Clothing,28038
4697,And,Clothing,43778
4698,Little,Electronics,61820
4699,Trade,Furniture,56905
4700,Family,Furniture,74423
4701,Buy,Furniture,2086
4702,Task,Clothing,76578
4703,Late,Furniture,83094
4704,Travel,Electronics,12261
4705,Economy,Electronics,20789
4706,Up,Clothing,94799
4707,Guy,Grocery,61024
4708,Employee,Clothing,99373
4709,Between,Grocery,74408
4710,Outside,Furniture,63845
4711,Senior,Clothing,1311
4712,A,Electronics,329
4713,Company,Furniture,48642
4714,Development,Electronics,14445
4715,Office,Furniture,31919
4716,Land,Clothing,47879
4717,School,Grocery,82521
4718,Soldier,Furniture,92344
4719,Page,Grocery,65684
4720,International,Furniture,20050
4721,Often,Electronics,15273
4722,Quality,Electronics,58132
4723,Law,Furniture,99373
4724,Gas,Grocery,28136
4725,Eat,Clothing,71456
4726,Despite,Clothing,14392
4727,Ability,Electronics,3152
4728,Suggest,Clothing,44477
4729,Loss,Electronics,89417
4730,Should,Clothing,67938
4731,Employee,Furniture,67919
4732,Several,Electronics,15720
4733,Administration,Electronics,30561
4734,Partner,Furniture,20850
4735,Look,Electronics,98526
4736,Off,Clothing,88819
4737,Theory,Clothing,9572
4738,Office,Electronics,69363
4739,Ball,Clothing,57702
4740,Agent,Grocery,25623
4741,Evidence,Electronics,30866
4742,Take,Furniture,66160
4743,Middle,Grocery,9179
4744,Control,Electronics,8499
4745,Million,Furniture,60826
4746,Great,Clothing,93006
4747,Employee,Furniture,16632
4748,Fact,Grocery,82457
4749,Me,Clothing,43262
4750,Site,Electronics,3849
4751,At,Clothing,11453
4752,View,Electronics,28577
4753,Society,Electronics,24670
4754,Same,Furniture,86473
4755,Bit,Furniture,11537
4756,Expert,Furniture,38204
4757,Similar,Grocery,63470
4758,Big,Grocery,4651
4759,Trade,Furniture,68459
4760,Why,Grocery,54980
4761,Bank,Clothing,13016
4762,Speech,Clothing,80803
4763,Spend,Grocery,41545
4764,Option,Grocery,47736
4765,Tonight,Clothing,74027
4766,Job,Electronics,78294
4767,Recognize,Clothing,29785
4768,Prove,Clothing,51234
4769,Scientist,Grocery,89016
4770,Nor,Clothing,94555
4771,Determine,Grocery,67947
4772,Spring,Grocery,40093
4773,Property,Furniture,44433
4774,State,Clothing,58965
4775,Us,Electronics,79196
4776,Play,Furniture,49856
4777,Four,Grocery,61292
4778,Technology,Grocery,60786
4779,Human,Electronics,48833
4780,Medical,Grocery,26093
4781,Rule,Clothing,30592
4782,Director,Furniture,21081
4783,Five,Grocery,24243
4784,Experience,Grocery,77703
4785,More,Electronics,89552
4786,Assume,Clothing,60377
4787,Either,Grocery,50090
4788,Lose,Electronics,62988
4789,Respond,Grocery,69451
4790,Development,Electronics,97472
4791,Trip,Electronics,50099
4792,Perform,Clothing,70409
4793,My,Grocery,12546
4794,Finish,Clothing,30833
4795,Care,Electronics,76100
4796,When,Furniture,48732
4797,Nature,Grocery,21676
4798,Lay,Furniture,3420
4799,Letter,Grocery,10850
4800,Everyone,Clothing,53563
4801,Game,Clothing,26672
4802,Since,Clothing,18048
4803,Experience,Clothing,38926
4804,Already,Clothing,89151
4805,Chance,Furniture,27967
4806,Exist,Clothing,60331
4807,Political,Electronics,66362
4808,Low,Electronics,91456
4809,Should,Furniture,72333
4810,Suggest,Grocery,44778
4811,Herself,Electronics,13063
4812,Probably,Grocery,64460
4813,Pretty,Furniture,49534
4814,Military,Grocery,66717
4815,Firm,Grocery,20369
4816,Area,Grocery,76412
4817,Science,Grocery,97452
4818,Almost,Furniture,79832
4819,Rise,Electronics,81594
4820,Least,Clothing,89005
4821,Democratic,Grocery,77325
4822,Reduce,Electronics,82967
4823,Central,Electronics,37628
4824,Life,Furniture,79072
4825,Day,Electronics,65702
4826,Traditional,Furniture,96361
4827,Simple,Grocery,90848
4828,Create,Grocery,33432
4829,Compare,Clothing,91037
4830,Voice,Clothing,79029
4831,Officer,Clothing,69306
4832,Create,Electronics,91237
4833,Modern,Grocery,2351
4834,Bar,Furniture,45817
4835,Various,Clothing,99208
4836,Director,Furniture,27127
4837,Issue,Furniture,97482
4838,Whether,Clothing,86651
4839,Scientist,Grocery,9683
4840,Cost,Clothing,50487
4841,Design,Furniture,23204
4842,Paper,Clothing,12324
4843,Light,Furniture,60724
4844,Course,Furniture,56158
4845,Single,Clothing,96472
4846,Both,Electronics,29399
4847,Year,Clothing,78672
4848,Remember,Electronics,85569
4849,You,Furniture,78028
4850,Develop,Furniture,73574
4851,Work,Electronics,4241
4852,Special,Furniture,23450
4853,Save,Electronics,75182
4854,Television,Electronics,70971
4855,Soon,Furniture,5177
4856,Manage,Grocery,46115
4857,Join,Electronics,71247
4858,Future,Clothing,59280
4859,Need,Clothing,40957
4860,However,Furniture,59940
4861,Study,Grocery,60002
4862,Everybody,Furniture,5677
4863,Visit,Grocery,20102
4864,Management,Electronics,50811
4865,Animal,Electronics,39551
4866,Personal,Electronics,99911
4867,Since,Electronics,49203
4868,Remember,Clothing,28747
4869,Edge,Clothing,34931
4870,Most,Furniture,96598
4871,Purpose,Grocery,95219
4872,Rate,Electronics,66930
4873,Provide,Electronics,80732
4874,Peace,Grocery,36933
4875,Old,Grocery,92964
4876,Mother,Furniture,24498
4877,Night,Grocery,61654
4878,Office,Electronics,50855
4879,Entire,Electronics,17806
4880,Quite,Electronics,22440
4881,According,Electronics,65094
4882,Structure,Electronics,63984
4883,Under,Furniture,84461
4884,Must,Electronics,17582
4885,Page,Furniture,54325
4886,Company,Electronics,58949
4887,House,Clothing,74954
4888,Prove,Clothing,41356
4889,South,Clothing,81210
4890,Could,Clothing,14750
4891,Lay,Furniture,46218
4892,Live,Furniture,29030
4893,Cold,Grocery,85807
4894,One,Electronics,11901
4895,Available,Clothing,51460
4896,Majority,Furniture,88008
4897,Now,Electronics,16659
4898,He,Electronics,32434
4899,Drive,Furniture,13388
4900,Road,Clothing,22498
4901,Choice,Grocery,76330
4902,Choice,Electronics,12291
4903,Him,Grocery,18151
4904,Month,Clothing,61815
4905,Loss,Clothing,10837
4906,Main,Grocery,65240
4907,Idea,Clothing,25351
4908,Peace,Electronics,51075
4909,Example,Grocery,5247
4910,Politics,Clothing,50608
4911,Fear,Grocery,52324
4912,Item,Electronics,19743
4913,Floor,Clothing,39067
4914,Run,Electronics,98950
4915,Operation,Clothing,40833
4916,Agent,Furniture,84103
4917,Statement,Clothing,34908
4918,Reflect,Grocery,67388
4919,Else,Clothing,59059
4920,Author,Electronics,1949
4921,Although,Electronics,68278
4922,Situation,Clothing,67236
4923,Rest,Grocery,60840
4924,Specific,Furniture,86422
4925,Song,Grocery,44665
4926,Candidate,Furniture,20283
4927,Control,Electronics,1232
4928,Ability,Grocery,38359
4929,How,Furniture,96712
4930,Until,Clothing,63768
4931,Base,Electronics,38663
4932,Newspaper,Clothing,92327
4933,Official,Electronics,11031
4934,Bill,Grocery,73269
4935,Learn,Grocery,50739
4936,Throughout,Electronics,59001
4937,Improve,Electronics,1144
4938,Remain,Electronics,46791
4939,Head,Grocery,24463
4940,Common,Furniture,46794
4941,Nation,Clothing,1682
4942,His,Clothing,80010
4943,Player,Grocery,66944
4944,A,Clothing,21401
4945,Probably,Electronics,74429
4946,Economic,Furniture,1720
4947,Ask,Clothing,62324
4948,Black,Furniture,56755
4949,It,Electronics,95519
4950,Such,Clothing,37634
4951,Glass,Grocery,39490
4952,Yeah,Furniture,71729
4953,Provide,Electronics,55956
4954,Expect,Furniture,49352
4955,Both,Clothing,55909
4956,Trouble,Clothing,22359
4957,Rock,Grocery,20755
4958,Entire,Electronics,33105
4959,Side,Electronics,31729
4960,Future,Grocery,23710
4961,Radio,Grocery,57284
4962,Stage,Electronics,21702
4963,Instead,Furniture,86045
4964,Water,Furniture,11210
4965,Sort,Grocery,6173
4966,Develop,Furniture,80918
4967,Visit,Electronics,10295
4968,Fill,Clothing,1637
4969,Majority,Clothing,17238
4970,Government,Furniture,44428
4971,Set,Grocery,46302
4972,Its,Grocery,40264
4973,Back,Grocery,89843
4974,Dream,Grocery,54759
4975,Ask,Grocery,86255
4976,Three,Furniture,49792
4977,Strong,Clothing,24945
4978,Term,Clothing,89946
4979,Gun,Furniture,30662
4980,Hand,Grocery,28136
4981,Rise,Furniture,60852
4982,Keep,Clothing,74333
4983,Future,Electronics,83149
4984,Keep,Furniture,68781
4985,Cultural,Grocery,27918
4986,Three,Clothing,30644
4987,Military,Clothing,62632
4988,Culture,Clothing,78736
4989,Day,Clothing,57805
4990,Nothing,Grocery,20204
4991,Entire,Electronics,69703
4992,Detail,Clothing,59125
4993,Language,Furniture,96364
4994,Food,Electronics,32417
4995,Option,Clothing,31516
4996,Song,Electronics,42112
4997,Message,Furniture,68145
4998,Those,Clothing,21500
4999,Any,Furniture,48370
5000,Newspaper,Grocery,72169
